id,recommendations
s_000001,m_119 m_092 m_179 m_224 m_062
s_000002,m_098 m_103 m_099 m_127 m_076
s_000004,m_321 m_053 m_045 m_015 m_044
s_000005,m_119 m_092 m_179 m_224 m_062
s_000006,m_318 m_271 m_289 m_222 m_055
s_000008,m_234 m_163 m_318 m_193 m_237
s_000009,m_282 m_225 m_252 m_280 m_010
s_000011,m_119 m_092 m_179 m_224 m_062
s_000012,m_252 m_225 m_179 m_289 m_002
s_000014,m_119 m_092 m_179 m_224 m_062
s_000015,m_253 m_126 m_278 m_252 m_280
s_000016,m_119 m_092 m_179 m_224 m_062
s_000017,m_245 m_295 m_193 m_237 m_278
s_000018,m_222 m_041 m_026 m_106 m_010
s_000019,m_053 m_204 m_179 m_282 m_210
s_000023,m_119 m_092 m_179 m_224 m_062
s_000024,m_007 m_321 m_045 m_222 m_053
s_000025,m_179 m_204 m_041 m_252 m_291
s_000029,m_179 m_210 m_126 m_135 m_247
s_000030,m_284 m_278 m_105 m_053 m_289
s_000033,m_119 m_092 m_179 m_224 m_062
s_000036,m_007 m_069 m_278 m_282 m_163
s_000040,m_119 m_092 m_179 m_224 m_062
s_000042,m_254 m_253 m_135 m_099 m_222
s_000044,m_041 m_105 m_280 m_305 m_289
s_000046,m_119 m_092 m_179 m_224 m_062
s_000047,m_305 m_119 m_010 m_018 m_282
s_000048,m_069 m_082 m_232 m_265 m_165
s_000049,m_053 m_119 m_092 m_126 m_010
s_000050,m_119 m_092 m_179 m_224 m_062
s_000052,m_119 m_092 m_179 m_224 m_062
s_000053,m_135 m_108 m_119 m_179 m_041
s_000055,m_224 m_010 m_119 m_125 m_126
s_000056,m_108 m_247 m_282 m_010 m_280
s_000057,m_119 m_092 m_179 m_224 m_062
s_000058,m_108 m_156 m_110 m_282 m_179
s_000060,m_119 m_092 m_179 m_224 m_062
s_000061,m_252 m_179 m_204 m_222 m_010
s_000063,m_119 m_247 m_083 m_143 m_062
s_000064,m_119 m_092 m_179 m_224 m_062
s_000065,m_053 m_093 m_041 m_119 m_079
s_000069,m_224 m_002 m_026 m_282 m_247
s_000070,m_119 m_092 m_179 m_224 m_062
s_000071,m_119 m_092 m_179 m_224 m_062
s_000072,m_062 m_289 m_252 m_007 m_119
s_000074,m_119 m_092 m_179 m_224 m_062
s_000076,m_119 m_092 m_179 m_224 m_062
s_000077,m_119 m_092 m_179 m_224 m_062
s_000081,m_015 m_005 m_091 m_022 m_179
s_000082,m_252 m_126 m_289 m_281 m_010
s_000083,m_280 m_282 m_021 m_278 m_092
s_000086,m_179 m_062 m_282 m_247 m_010
s_000087,m_106 m_214 m_179 m_135 m_147
s_000088,m_108 m_321 m_184 m_253 m_247
s_000090,m_021 m_271 m_179 m_287 m_119
s_000093,m_110 m_035 m_062 m_245 m_249
s_000095,m_280 m_002 m_282 m_222 m_092
s_000096,m_119 m_092 m_179 m_224 m_062
s_000097,m_193 m_245 m_237 m_152 m_266
s_000098,m_119 m_092 m_179 m_224 m_062
s_000099,m_193 m_225 m_119 m_007 m_237
s_000101,m_224 m_222 m_237 m_174 m_193
s_000105,m_224 m_092 m_289 m_282 m_284
s_000106,m_225 m_271 m_289 m_282 m_108
s_000107,m_255 m_108 m_245 m_237 m_193
s_000108,m_224 m_289 m_155 m_280 m_282
s_000109,m_119 m_092 m_179 m_224 m_062
s_000110,m_156 m_021 m_110 m_035 m_179
s_000111,m_119 m_062 m_083 m_303 m_249
s_000112,m_179 m_119 m_041 m_135 m_289
s_000114,m_210 m_119 m_282 m_108 m_247
s_000116,m_224 m_222 m_163 m_307 m_018
s_000117,m_234 m_092 m_284 m_117 m_199
s_000118,m_065 m_265 m_255 m_235 m_227
s_000120,m_156 m_252 m_110 m_035 m_282
s_000121,m_119 m_092 m_179 m_224 m_062
s_000122,m_119 m_062 m_083 m_010 m_135
s_000123,m_225 m_280 m_204 m_092 m_282
s_000124,m_179 m_180 m_005 m_210 m_222
s_000127,m_092 m_108 m_041 m_135 m_105
s_000130,m_224 m_119 m_305 m_284 m_126
s_000132,m_062 m_289 m_092 m_041 m_119
s_000133,m_135 m_210 m_179 m_185 m_186
s_000134,m_099 m_018 m_044 m_015 m_127
s_000136,m_245 m_280 m_305 m_282 m_193
s_000138,m_015 m_222 m_005 m_053 m_002
s_000140,m_222 m_053 m_015 m_163 m_103
s_000141,m_119 m_092 m_179 m_224 m_062
s_000142,m_119 m_092 m_179 m_224 m_062
s_000144,m_119 m_092 m_179 m_224 m_062
s_000145,m_222 m_193 m_179 m_237 m_224
s_000146,m_007 m_092 m_179 m_280 m_010
s_000147,m_099 m_179 m_018 m_199 m_111
s_000151,m_210 m_105 m_179 m_106 m_204
s_000153,m_092 m_225 m_111 m_041 m_289
s_000155,m_119 m_092 m_179 m_224 m_062
s_000157,m_179 m_152 m_204 m_247 m_214
s_000159,m_119 m_092 m_179 m_224 m_062
s_000160,m_108 m_125 m_153 m_135 m_291
s_000161,m_119 m_092 m_179 m_224 m_062
s_000162,m_179 m_119 m_210 m_204 m_186
s_000164,m_289 m_225 m_172 m_236 m_193
s_000166,m_282 m_224 m_280 m_179 m_247
s_000167,m_193 m_237 m_044 m_110 m_287
s_000169,m_119 m_092 m_179 m_224 m_062
s_000170,m_119 m_092 m_179 m_224 m_062
s_000171,m_044 m_106 m_162 m_186 m_185
s_000173,m_119 m_092 m_179 m_224 m_062
s_000174,m_135 m_126 m_179 m_271 m_282
s_000176,m_119 m_092 m_179 m_224 m_062
s_000178,m_119 m_041 m_152 m_204 m_140
s_000179,m_179 m_222 m_174 m_234 m_287
s_000181,m_108 m_041 m_140 m_185 m_179
s_000183,m_224 m_119 m_282 m_010 m_247
s_000184,m_222 m_005 m_022 m_099 m_091
s_000185,m_280 m_053 m_282 m_041 m_035
s_000186,m_179 m_287 m_210 m_321 m_053
s_000187,m_245 m_140 m_179 m_119 m_237
s_000188,m_135 m_179 m_088 m_210 m_024
s_000189,m_108 m_154 m_041 m_152 m_155
s_000190,m_218 m_144 m_270 m_108 m_304
s_000193,m_224 m_252 m_289 m_204 m_179
s_000195,m_119 m_092 m_179 m_224 m_062
s_000196,m_119 m_092 m_179 m_224 m_062
s_000200,m_135 m_106 m_280 m_214 m_247
s_000201,m_152 m_140 m_204 m_179 m_126
s_000202,m_092 m_103 m_271 m_179 m_252
s_000203,m_119 m_092 m_179 m_224 m_062
s_000204,m_156 m_110 m_321 m_179 m_289
s_000206,m_179 m_289 m_135 m_252 m_204
s_000208,m_119 m_092 m_179 m_224 m_062
s_000209,m_119 m_092 m_179 m_224 m_062
s_000210,m_015 m_174 m_287 m_282 m_217
s_000212,m_119 m_092 m_179 m_224 m_062
s_000213,m_119 m_092 m_179 m_224 m_062
s_000214,m_289 m_271 m_224 m_247 m_282
s_000215,m_179 m_252 m_271 m_318 m_204
s_000216,m_083 m_153 m_062 m_282 m_278
s_000218,m_210 m_179 m_059 m_053 m_287
s_000219,m_280 m_282 m_069 m_108 m_083
s_000220,m_062 m_252 m_163 m_318 m_010
s_000221,m_210 m_192 m_152 m_153 m_059
s_000223,m_245 m_147 m_140 m_287 m_247
s_000224,m_224 m_280 m_321 m_282 m_247
s_000225,m_108 m_271 m_163 m_053 m_045
s_000226,m_144 m_289 m_010 m_249 m_290
s_000228,m_179 m_092 m_278 m_119 m_287
s_000230,m_210 m_010 m_179 m_204 m_135
s_000235,m_284 m_214 m_083 m_179 m_119
s_000236,m_179 m_002 m_105 m_180 m_204
s_000237,m_222 m_278 m_184 m_053 m_280
s_000240,m_119 m_092 m_179 m_224 m_062
s_000241,m_135 m_059 m_179 m_287 m_247
s_000243,m_119 m_092 m_179 m_224 m_062
s_000244,m_053 m_282 m_280 m_247 m_193
s_000246,m_247 m_278 m_083 m_280 m_010
s_000247,m_119 m_155 m_062 m_066 m_092
s_000248,m_015 m_091 m_007 m_005 m_222
s_000250,m_083 m_092 m_282 m_224 m_289
s_000252,m_108 m_093 m_092 m_105 m_225
s_000254,m_092 m_053 m_105 m_156 m_110
s_000255,m_179 m_204 m_007 m_210 m_103
s_000259,m_305 m_235 m_140 m_254 m_307
s_000260,m_224 m_021 m_179 m_010 m_307
s_000261,m_119 m_092 m_179 m_224 m_062
s_000263,m_179 m_092 m_204 m_153 m_211
s_000264,m_224 m_104 m_179 m_010 m_282
s_000265,m_119 m_092 m_179 m_224 m_062
s_000266,m_222 m_091 m_099 m_005 m_015
s_000267,m_222 m_010 m_179 m_135 m_119
s_000268,m_210 m_126 m_224 m_156 m_291
s_000270,m_135 m_289 m_287 m_126 m_035
s_000272,m_119 m_092 m_179 m_224 m_062
s_000274,m_041 m_305 m_105 m_204 m_152
s_000275,m_179 m_222 m_282 m_010 m_015
s_000277,m_179 m_204 m_155 m_280 m_126
s_000279,m_119 m_092 m_179 m_224 m_062
s_000280,m_321 m_222 m_252 m_092 m_111
s_000285,m_119 m_092 m_179 m_224 m_062
s_000286,m_119 m_092 m_179 m_224 m_062
s_000287,m_119 m_092 m_179 m_224 m_062
s_000288,m_224 m_092 m_289 m_083 m_010
s_000289,m_119 m_092 m_179 m_224 m_062
s_000290,m_119 m_092 m_179 m_224 m_062
s_000291,m_119 m_092 m_179 m_224 m_062
s_000292,m_179 m_204 m_135 m_126 m_180
s_000294,m_119 m_092 m_179 m_224 m_062
s_000296,m_053 m_044 m_015 m_093 m_225
s_000300,m_225 m_222 m_041 m_224 m_053
s_000301,m_199 m_252 m_231 m_111 m_222
s_000302,m_318 m_234 m_271 m_124 m_174
s_000305,m_245 m_152 m_185 m_186 m_204
s_000306,m_041 m_045 m_321 m_018 m_053
s_000307,m_119 m_092 m_179 m_224 m_062
s_000308,m_289 m_119 m_252 m_035 m_010
s_000309,m_252 m_092 m_053 m_289 m_179
s_000311,m_179 m_210 m_126 m_204 m_307
s_000312,m_135 m_035 m_162 m_163 m_179
s_000313,m_235 m_255 m_254 m_179 m_105
s_000314,m_119 m_092 m_179 m_224 m_062
s_000315,m_225 m_119 m_252 m_227 m_093
s_000316,m_092 m_282 m_199 m_111 m_174
s_000318,m_119 m_092 m_179 m_224 m_062
s_000321,m_224 m_289 m_135 m_179 m_210
s_000322,m_156 m_252 m_211 m_285 m_165
s_000323,m_285 m_287 m_154 m_035 m_106
s_000324,m_119 m_092 m_179 m_224 m_062
s_000325,m_179 m_282 m_119 m_289 m_210
s_000328,m_271 m_092 m_053 m_035 m_163
s_000332,m_163 m_204 m_125 m_179 m_225
s_000333,m_119 m_092 m_179 m_224 m_062
s_000334,m_222 m_321 m_053 m_005 m_091
s_000335,m_119 m_092 m_179 m_224 m_062
s_000336,m_247 m_282 m_092 m_010 m_135
s_000337,m_218 m_108 m_069 m_287 m_193
s_000338,m_321 m_305 m_066 m_035 m_289
s_000339,m_179 m_007 m_126 m_278 m_010
s_000340,m_119 m_092 m_179 m_224 m_062
s_000343,m_284 m_235 m_041 m_225 m_055
s_000345,m_119 m_210 m_126 m_222 m_204
s_000348,m_059 m_093 m_044 m_225 m_092
s_000349,m_119 m_092 m_179 m_224 m_062
s_000351,m_179 m_204 m_252 m_152 m_281
s_000352,m_119 m_092 m_179 m_224 m_062
s_000354,m_119 m_092 m_179 m_224 m_062
s_000355,m_119 m_092 m_179 m_224 m_062
s_000357,m_179 m_210 m_204 m_125 m_211
s_000358,m_119 m_092 m_179 m_224 m_062
s_000359,m_119 m_092 m_179 m_224 m_062
s_000360,m_119 m_092 m_179 m_224 m_062
s_000362,m_119 m_092 m_179 m_224 m_062
s_000363,m_222 m_156 m_235 m_163 m_271
s_000364,m_135 m_179 m_247 m_010 m_210
s_000368,m_035 m_289 m_280 m_305 m_278
s_000369,m_135 m_126 m_252 m_179 m_214
s_000371,m_119 m_179 m_180 m_303 m_247
s_000373,m_282 m_225 m_235 m_280 m_278
s_000374,m_119 m_092 m_179 m_224 m_062
s_000375,m_152 m_225 m_126 m_287 m_179
s_000376,m_119 m_092 m_179 m_224 m_062
s_000377,m_156 m_110 m_066 m_289 m_321
s_000378,m_119 m_092 m_179 m_224 m_062
s_000379,m_225 m_010 m_271 m_044 m_126
s_000380,m_152 m_126 m_099 m_210 m_275
s_000381,m_119 m_092 m_179 m_224 m_062
s_000382,m_119 m_062 m_152 m_204 m_291
s_000383,m_222 m_289 m_271 m_119 m_199
s_000384,m_119 m_092 m_179 m_224 m_062
s_000385,m_092 m_155 m_108 m_225 m_093
s_000386,m_119 m_092 m_179 m_224 m_062
s_000389,m_041 m_204 m_092 m_135 m_282
s_000390,m_066 m_224 m_156 m_110 m_284
s_000391,m_041 m_002 m_105 m_135 m_026
s_000392,m_179 m_204 m_210 m_180 m_104
s_000393,m_289 m_010 m_179 m_192 m_247
s_000395,m_119 m_092 m_179 m_224 m_062
s_000397,m_124 m_271 m_092 m_111 m_318
s_000398,m_021 m_289 m_156 m_035 m_280
s_000399,m_179 m_147 m_204 m_152 m_214
s_000400,m_119 m_092 m_179 m_224 m_062
s_000401,m_225 m_278 m_010 m_280 m_053
s_000402,m_083 m_140 m_104 m_247 m_119
s_000403,m_119 m_092 m_179 m_224 m_062
s_000404,m_108 m_163 m_289 m_093 m_271
s_000405,m_105 m_035 m_092 m_289 m_041
s_000407,m_119 m_092 m_179 m_224 m_062
s_000408,m_010 m_222 m_237 m_247 m_119
s_000409,m_059 m_041 m_179 m_015 m_055
s_000411,m_135 m_247 m_156 m_321 m_110
s_000415,m_210 m_252 m_179 m_204 m_092
s_000416,m_119 m_092 m_179 m_224 m_062
s_000417,m_119 m_092 m_179 m_224 m_062
s_000418,m_093 m_179 m_059 m_066 m_041
s_000419,m_119 m_179 m_092 m_225 m_237
s_000421,m_280 m_282 m_278 m_281 m_053
s_000423,m_119 m_092 m_179 m_224 m_062
s_000424,m_119 m_092 m_179 m_224 m_062
s_000426,m_218 m_285 m_193 m_237 m_165
s_000429,m_179 m_210 m_204 m_289 m_135
s_000431,m_059 m_321 m_065 m_144 m_092
s_000432,m_126 m_124 m_204 m_179 m_055
s_000435,m_210 m_289 m_179 m_135 m_204
s_000436,m_119 m_092 m_179 m_224 m_062
s_000438,m_083 m_069 m_007 m_010 m_247
s_000439,m_035 m_321 m_156 m_282 m_222
s_000440,m_066 m_289 m_156 m_110 m_284
s_000441,m_119 m_092 m_179 m_224 m_062
s_000442,m_224 m_156 m_210 m_053 m_179
s_000443,m_318 m_140 m_152 m_076 m_147
s_000444,m_002 m_282 m_010 m_210 m_247
s_000445,m_245 m_287 m_278 m_280 m_143
s_000447,m_119 m_092 m_179 m_224 m_062
s_000449,m_179 m_119 m_287 m_247 m_204
s_000450,m_119 m_092 m_179 m_224 m_062
s_000452,m_053 m_045 m_321 m_135 m_092
s_000454,m_053 m_045 m_222 m_321 m_002
s_000455,m_271 m_162 m_029 m_111 m_124
s_000456,m_225 m_093 m_099 m_044 m_308
s_000457,m_163 m_318 m_222 m_119 m_271
s_000458,m_119 m_092 m_179 m_224 m_062
s_000459,m_245 m_237 m_266 m_193 m_254
s_000462,m_156 m_035 m_224 m_110 m_179
s_000463,m_172 m_179 m_186 m_185 m_249
s_000465,m_119 m_092 m_179 m_224 m_062
s_000467,m_135 m_254 m_253 m_280 m_126
s_000468,m_119 m_092 m_179 m_224 m_062
s_000470,m_155 m_289 m_284 m_305 m_119
s_000471,m_119 m_092 m_179 m_224 m_062
s_000472,m_026 m_092 m_235 m_255 m_002
s_000475,m_252 m_119 m_204 m_280 m_179
s_000476,m_066 m_163 m_035 m_271 m_287
s_000477,m_135 m_271 m_163 m_179 m_186
s_000479,m_252 m_152 m_281 m_010 m_179
s_000480,m_119 m_092 m_179 m_224 m_062
s_000481,m_179 m_204 m_135 m_152 m_252
s_000482,m_179 m_106 m_135 m_010 m_062
s_000485,m_026 m_015 m_235 m_163 m_125
s_000487,m_119 m_204 m_200 m_232 m_110
s_000488,m_119 m_092 m_179 m_224 m_062
s_000489,m_119 m_092 m_179 m_224 m_062
s_000493,m_179 m_092 m_204 m_185 m_174
s_000494,m_119 m_092 m_179 m_224 m_062
s_000495,m_119 m_092 m_179 m_224 m_062
s_000496,m_245 m_224 m_247 m_193 m_237
s_000497,m_119 m_092 m_179 m_224 m_062
s_000498,m_119 m_092 m_179 m_224 m_062
s_000499,m_162 m_124 m_163 m_111 m_271
s_000500,m_119 m_092 m_179 m_224 m_062
s_000501,m_092 m_002 m_041 m_093 m_225
s_000502,m_119 m_092 m_179 m_224 m_062
s_000503,m_119 m_092 m_179 m_224 m_062
s_000505,m_119 m_092 m_179 m_224 m_062
s_000507,m_119 m_041 m_062 m_140 m_303
s_000509,m_179 m_278 m_284 m_204 m_185
s_000510,m_204 m_210 m_180 m_062 m_287
s_000511,m_119 m_092 m_179 m_224 m_062
s_000513,m_119 m_092 m_179 m_224 m_062
s_000514,m_092 m_007 m_280 m_225 m_282
s_000516,m_083 m_092 m_110 m_282 m_010
s_000517,m_179 m_204 m_135 m_126 m_289
s_000518,m_179 m_287 m_289 m_204 m_200
s_000520,m_041 m_135 m_287 m_179 m_210
s_000521,m_278 m_010 m_035 m_174 m_280
s_000522,m_119 m_092 m_179 m_224 m_062
s_000523,m_007 m_224 m_222 m_280 m_010
s_000524,m_225 m_092 m_053 m_163 m_318
s_000526,m_007 m_045 m_289 m_321 m_290
s_000531,m_289 m_282 m_053 m_035 m_184
s_000533,m_110 m_179 m_155 m_140 m_204
s_000535,m_119 m_092 m_179 m_224 m_062
s_000536,m_119 m_092 m_179 m_224 m_062
s_000538,m_119 m_092 m_179 m_224 m_062
s_000539,m_119 m_092 m_179 m_224 m_062
s_000540,m_091 m_002 m_222 m_026 m_005
s_000543,m_062 m_092 m_010 m_289 m_224
s_000544,m_083 m_065 m_265 m_062 m_119
s_000545,m_156 m_245 m_035 m_165 m_285
s_000548,m_119 m_092 m_179 m_224 m_062
s_000549,m_119 m_092 m_179 m_224 m_062
s_000550,m_155 m_179 m_210 m_307 m_247
s_000553,m_204 m_210 m_180 m_062 m_287
s_000554,m_103 m_284 m_079 m_092 m_289
s_000555,m_119 m_010 m_303 m_179 m_076
s_000556,m_108 m_093 m_041 m_297 m_119
s_000558,m_119 m_092 m_179 m_224 m_062
s_000559,m_179 m_204 m_252 m_247 m_135
s_000560,m_179 m_254 m_224 m_245 m_247
s_000561,m_156 m_224 m_110 m_282 m_174
s_000562,m_224 m_193 m_156 m_237 m_247
s_000563,m_308 m_225 m_093 m_062 m_254
s_000565,m_119 m_152 m_076 m_180 m_179
s_000566,m_119 m_092 m_179 m_224 m_062
s_000567,m_282 m_255 m_044 m_280 m_152
s_000571,m_247 m_041 m_010 m_307 m_278
s_000577,m_210 m_099 m_143 m_018 m_247
s_000580,m_021 m_225 m_156 m_119 m_224
s_000581,m_280 m_010 m_278 m_139 m_162
s_000582,m_179 m_106 m_180 m_155 m_135
s_000584,m_119 m_247 m_106 m_126 m_062
s_000585,m_091 m_222 m_099 m_162 m_015
s_000587,m_119 m_092 m_179 m_224 m_062
s_000589,m_247 m_059 m_062 m_282 m_010
s_000591,m_099 m_282 m_271 m_287 m_010
s_000594,m_235 m_255 m_062 m_210 m_105
s_000595,m_135 m_224 m_280 m_278 m_092
s_000597,m_119 m_092 m_179 m_224 m_062
s_000600,m_119 m_092 m_179 m_224 m_062
s_000603,m_224 m_225 m_099 m_222 m_018
s_000604,m_119 m_092 m_179 m_224 m_062
s_000606,m_179 m_247 m_278 m_280 m_125
s_000607,m_081 m_088 m_083 m_106 m_179
s_000608,m_119 m_092 m_179 m_224 m_062
s_000609,m_119 m_092 m_179 m_224 m_062
s_000610,m_204 m_252 m_179 m_210 m_281
s_000611,m_119 m_092 m_179 m_224 m_062
s_000612,m_204 m_179 m_135 m_210 m_014
s_000613,m_318 m_287 m_271 m_200 m_111
s_000616,m_119 m_092 m_179 m_224 m_062
s_000617,m_278 m_289 m_280 m_162 m_282
s_000618,m_255 m_225 m_108 m_247 m_224
s_000619,m_224 m_225 m_126 m_179 m_053
s_000620,m_119 m_092 m_179 m_224 m_062
s_000621,m_287 m_126 m_204 m_152 m_200
s_000623,m_119 m_092 m_179 m_224 m_062
s_000624,m_119 m_035 m_179 m_222 m_289
s_000625,m_079 m_282 m_015 m_222 m_278
s_000626,m_062 m_083 m_282 m_002 m_247
s_000628,m_119 m_092 m_179 m_224 m_062
s_000632,m_119 m_092 m_179 m_224 m_062
s_000633,m_222 m_163 m_318 m_111 m_271
s_000637,m_126 m_193 m_237 m_280 m_282
s_000640,m_222 m_002 m_282 m_224 m_284
s_000641,m_119 m_092 m_179 m_224 m_062
s_000642,m_119 m_092 m_179 m_224 m_062
s_000644,m_224 m_247 m_237 m_193 m_211
s_000646,m_119 m_210 m_252 m_200 m_204
s_000647,m_119 m_224 m_179 m_247 m_062
s_000651,m_119 m_092 m_179 m_224 m_062
s_000652,m_119 m_092 m_179 m_224 m_062
s_000654,m_119 m_092 m_179 m_224 m_062
s_000655,m_119 m_092 m_179 m_224 m_062
s_000656,m_156 m_110 m_035 m_321 m_284
s_000657,m_280 m_252 m_278 m_010 m_224
s_000661,m_156 m_200 m_199 m_321 m_111
s_000663,m_119 m_092 m_179 m_224 m_062
s_000664,m_199 m_204 m_222 m_018 m_014
s_000665,m_179 m_119 m_204 m_210 m_282
s_000667,m_119 m_092 m_179 m_224 m_062
s_000668,m_204 m_092 m_053 m_224 m_282
s_000671,m_119 m_092 m_179 m_224 m_062
s_000672,m_119 m_092 m_179 m_224 m_062
s_000674,m_245 m_290 m_237 m_296 m_193
s_000675,m_222 m_318 m_284 m_165 m_110
s_000679,m_210 m_179 m_287 m_284 m_258
s_000680,m_119 m_092 m_179 m_224 m_062
s_000681,m_119 m_092 m_179 m_224 m_062
s_000682,m_119 m_092 m_179 m_224 m_062
s_000683,m_007 m_278 m_282 m_010 m_174
s_000684,m_280 m_278 m_271 m_010 m_108
s_000685,m_110 m_156 m_305 m_179 m_284
s_000689,m_092 m_126 m_152 m_062 m_119
s_000690,m_280 m_092 m_225 m_252 m_281
s_000691,m_119 m_092 m_179 m_224 m_062
s_000693,m_179 m_289 m_225 m_204 m_282
s_000694,m_119 m_092 m_179 m_224 m_062
s_000695,m_092 m_147 m_140 m_135 m_119
s_000696,m_318 m_271 m_163 m_234 m_162
s_000698,m_179 m_156 m_035 m_110 m_289
s_000699,m_069 m_172 m_062 m_099 m_179
s_000701,m_224 m_247 m_126 m_282 m_066
s_000702,m_280 m_289 m_053 m_252 m_282
s_000703,m_119 m_092 m_179 m_224 m_062
s_000704,m_053 m_271 m_163 m_059 m_225
s_000706,m_119 m_092 m_179 m_224 m_062
s_000707,m_282 m_284 m_307 m_105 m_225
s_000708,m_119 m_092 m_179 m_224 m_062
s_000709,m_119 m_092 m_179 m_224 m_062
s_000710,m_119 m_092 m_179 m_224 m_062
s_000711,m_290 m_185 m_186 m_135 m_204
s_000713,m_119 m_092 m_179 m_224 m_062
s_000714,m_119 m_092 m_179 m_224 m_062
s_000715,m_119 m_092 m_179 m_224 m_062
s_000716,m_225 m_156 m_280 m_255 m_278
s_000717,m_119 m_092 m_179 m_224 m_062
s_000718,m_119 m_092 m_179 m_224 m_062
s_000720,m_119 m_092 m_179 m_224 m_062
s_000722,m_041 m_179 m_204 m_062 m_252
s_000723,m_224 m_010 m_271 m_222 m_247
s_000724,m_224 m_010 m_271 m_289 m_280
s_000725,m_119 m_092 m_179 m_224 m_062
s_000726,m_119 m_210 m_204 m_179 m_154
s_000727,m_119 m_092 m_179 m_224 m_062
s_000728,m_119 m_092 m_179 m_224 m_062
s_000732,m_045 m_222 m_099 m_278 m_053
s_000735,m_321 m_222 m_117 m_005 m_111
s_000736,m_287 m_105 m_092 m_284 m_179
s_000738,m_119 m_092 m_179 m_224 m_062
s_000741,m_119 m_092 m_179 m_224 m_062
s_000744,m_179 m_204 m_092 m_099 m_222
s_000746,m_222 m_232 m_062 m_127 m_154
s_000748,m_224 m_282 m_179 m_287 m_010
s_000758,m_185 m_144 m_186 m_210 m_270
s_000759,m_119 m_092 m_179 m_224 m_062
s_000761,m_282 m_179 m_280 m_247 m_007
s_000763,m_210 m_287 m_265 m_179 m_082
s_000764,m_119 m_092 m_179 m_224 m_062
s_000765,m_119 m_092 m_179 m_224 m_062
s_000766,m_225 m_062 m_099 m_222 m_247
s_000768,m_119 m_092 m_179 m_224 m_062
s_000769,m_280 m_282 m_119 m_225 m_211
s_000772,m_119 m_092 m_179 m_224 m_062
s_000775,m_083 m_065 m_062 m_053 m_010
s_000779,m_119 m_222 m_091 m_005 m_210
s_000780,m_222 m_005 m_015 m_162 m_022
s_000782,m_247 m_041 m_282 m_163 m_307
s_000783,m_280 m_059 m_010 m_282 m_093
s_000785,m_119 m_092 m_179 m_224 m_062
s_000786,m_156 m_135 m_106 m_252 m_152
s_000788,m_282 m_278 m_179 m_010 m_155
s_000789,m_282 m_280 m_278 m_083 m_281
s_000791,m_245 m_296 m_247 m_193 m_237
s_000793,m_083 m_119 m_062 m_247 m_110
s_000794,m_105 m_035 m_156 m_088 m_042
s_000795,m_119 m_092 m_179 m_224 m_062
s_000796,m_119 m_092 m_179 m_224 m_062
s_000799,m_287 m_042 m_119 m_247 m_210
s_000800,m_099 m_280 m_007 m_179 m_119
s_000801,m_119 m_092 m_179 m_224 m_062
s_000802,m_119 m_092 m_179 m_224 m_062
s_000804,m_119 m_179 m_204 m_254 m_210
s_000805,m_222 m_224 m_234 m_145 m_247
s_000806,m_153 m_192 m_179 m_210 m_062
s_000807,m_210 m_280 m_179 m_126 m_204
s_000810,m_119 m_092 m_179 m_224 m_062
s_000812,m_245 m_224 m_287 m_179 m_125
s_000815,m_222 m_163 m_005 m_210 m_022
s_000816,m_222 m_015 m_282 m_293 m_059
s_000818,m_225 m_247 m_083 m_062 m_271
s_000821,m_193 m_282 m_179 m_237 m_280
s_000823,m_154 m_193 m_152 m_237 m_247
s_000824,m_224 m_010 m_280 m_069 m_083
s_000826,m_119 m_092 m_179 m_224 m_062
s_000827,m_119 m_092 m_179 m_224 m_062
s_000828,m_179 m_224 m_282 m_204 m_135
s_000830,m_119 m_092 m_179 m_224 m_062
s_000833,m_083 m_062 m_265 m_119 m_266
s_000839,m_225 m_093 m_253 m_235 m_293
s_000840,m_318 m_289 m_224 m_281 m_284
s_000841,m_119 m_092 m_179 m_224 m_062
s_000843,m_179 m_210 m_204 m_125 m_303
s_000844,m_015 m_162 m_091 m_005 m_022
s_000848,m_204 m_210 m_211 m_126 m_281
s_000850,m_144 m_249 m_140 m_219 m_147
s_000852,m_222 m_321 m_282 m_179 m_217
s_000853,m_282 m_026 m_280 m_010 m_210
s_000854,m_119 m_092 m_179 m_224 m_062
s_000855,m_119 m_092 m_179 m_224 m_062
s_000856,m_289 m_095 m_186 m_041 m_111
s_000858,m_119 m_092 m_179 m_224 m_062
s_000859,m_066 m_110 m_321 m_237 m_174
s_000860,m_119 m_092 m_179 m_224 m_062
s_000861,m_154 m_147 m_252 m_179 m_152
s_000863,m_119 m_092 m_179 m_224 m_062
s_000864,m_108 m_105 m_179 m_180 m_135
s_000866,m_225 m_245 m_255 m_278 m_280
s_000868,m_119 m_092 m_179 m_224 m_062
s_000869,m_245 m_140 m_110 m_303 m_179
s_000870,m_179 m_007 m_126 m_125 m_204
s_000871,m_119 m_092 m_179 m_224 m_062
s_000872,m_119 m_092 m_179 m_224 m_062
s_000873,m_053 m_193 m_289 m_237 m_045
s_000876,m_119 m_092 m_179 m_224 m_062
s_000877,m_093 m_235 m_053 m_002 m_184
s_000878,m_053 m_225 m_174 m_282 m_092
s_000879,m_119 m_092 m_179 m_224 m_062
s_000880,m_172 m_119 m_125 m_092 m_275
s_000881,m_225 m_092 m_280 m_289 m_035
s_000882,m_222 m_179 m_278 m_010 m_247
s_000883,m_119 m_271 m_290 m_236 m_062
s_000884,m_119 m_092 m_179 m_224 m_062
s_000885,m_119 m_092 m_179 m_224 m_062
s_000888,m_119 m_092 m_179 m_224 m_062
s_000889,m_119 m_092 m_179 m_224 m_062
s_000890,m_119 m_092 m_179 m_224 m_062
s_000892,m_119 m_092 m_179 m_224 m_062
s_000893,m_119 m_092 m_179 m_224 m_062
s_000894,m_179 m_155 m_210 m_180 m_163
s_000895,m_119 m_092 m_179 m_224 m_062
s_000896,m_119 m_092 m_179 m_224 m_062
s_000897,m_218 m_062 m_083 m_092 m_093
s_000898,m_092 m_222 m_015 m_321 m_091
s_000900,m_155 m_126 m_305 m_307 m_287
s_000901,m_119 m_092 m_179 m_224 m_062
s_000902,m_282 m_179 m_092 m_222 m_224
s_000903,m_210 m_105 m_179 m_185 m_289
s_000904,m_282 m_224 m_222 m_135 m_278
s_000905,m_225 m_289 m_282 m_284 m_092
s_000906,m_204 m_125 m_179 m_185 m_186
s_000907,m_002 m_026 m_284 m_092 m_156
s_000908,m_119 m_092 m_179 m_224 m_062
s_000910,m_156 m_110 m_224 m_321 m_066
s_000911,m_119 m_092 m_179 m_224 m_062
s_000912,m_119 m_092 m_179 m_224 m_062
s_000913,m_119 m_092 m_179 m_224 m_062
s_000914,m_053 m_225 m_222 m_321 m_044
s_000915,m_093 m_297 m_308 m_108 m_225
s_000919,m_204 m_284 m_179 m_232 m_105
s_000920,m_222 m_092 m_103 m_122 m_127
s_000922,m_041 m_059 m_265 m_287 m_007
s_000924,m_225 m_282 m_280 m_278 m_010
s_000925,m_108 m_236 m_297 m_044 m_271
s_000926,m_282 m_092 m_281 m_287 m_296
s_000927,m_059 m_179 m_204 m_252 m_119
s_000928,m_119 m_007 m_092 m_287 m_232
s_000930,m_119 m_222 m_282 m_179 m_135
s_000931,m_135 m_278 m_280 m_204 m_305
s_000933,m_041 m_252 m_053 m_135 m_254
s_000935,m_119 m_092 m_179 m_224 m_062
s_000936,m_119 m_092 m_179 m_224 m_062
s_000937,m_119 m_092 m_179 m_224 m_062
s_000938,m_119 m_092 m_179 m_224 m_062
s_000939,m_135 m_005 m_179 m_010 m_280
s_000942,m_210 m_041 m_204 m_179 m_106
s_000943,m_041 m_156 m_105 m_106 m_108
s_000946,m_119 m_092 m_179 m_224 m_062
s_000948,m_210 m_126 m_179 m_204 m_053
s_000950,m_119 m_092 m_179 m_224 m_062
s_000951,m_119 m_092 m_179 m_224 m_062
s_000953,m_119 m_092 m_179 m_224 m_062
s_000955,m_119 m_092 m_179 m_224 m_062
s_000956,m_210 m_179 m_152 m_125 m_154
s_000957,m_271 m_106 m_210 m_179 m_254
s_000958,m_119 m_092 m_179 m_224 m_062
s_000959,m_119 m_092 m_179 m_224 m_062
s_000962,m_119 m_092 m_179 m_224 m_062
s_000963,m_119 m_092 m_179 m_224 m_062
s_000964,m_225 m_252 m_093 m_278 m_280
s_000965,m_225 m_289 m_281 m_282 m_284
s_000967,m_135 m_108 m_289 m_179 m_210
s_000968,m_092 m_179 m_280 m_284 m_289
s_000969,m_119 m_092 m_179 m_224 m_062
s_000971,m_119 m_092 m_179 m_224 m_062
s_000973,m_224 m_222 m_055 m_005 m_022
s_000974,m_305 m_282 m_280 m_289 m_098
s_000975,m_210 m_135 m_126 m_280 m_179
s_000976,m_210 m_280 m_289 m_092 m_252
s_000977,m_119 m_092 m_179 m_224 m_062
s_000979,m_135 m_179 m_236 m_252 m_210
s_000980,m_222 m_225 m_062 m_179 m_119
s_000981,m_007 m_222 m_282 m_174 m_010
s_000982,m_119 m_092 m_179 m_224 m_062
s_000983,m_119 m_092 m_179 m_224 m_062
s_000990,m_163 m_092 m_222 m_125 m_111
s_000994,m_247 m_010 m_287 m_224 m_280
s_000998,m_280 m_163 m_162 m_278 m_271
s_000999,m_053 m_045 m_108 m_184 m_099
s_001001,m_119 m_092 m_179 m_224 m_062
s_001002,m_156 m_179 m_088 m_252 m_214
s_001003,m_119 m_092 m_179 m_224 m_062
s_001005,m_222 m_289 m_015 m_235 m_092
s_001006,m_253 m_284 m_224 m_092 m_126
s_001008,m_119 m_222 m_289 m_076 m_224
s_001010,m_119 m_092 m_179 m_224 m_062
s_001011,m_225 m_002 m_079 m_280 m_282
s_001012,m_092 m_103 m_227 m_235 m_066
s_001013,m_119 m_092 m_179 m_224 m_062
s_001014,m_119 m_092 m_179 m_224 m_062
s_001017,m_119 m_092 m_179 m_224 m_062
s_001018,m_119 m_092 m_179 m_224 m_062
s_001019,m_179 m_135 m_204 m_210 m_163
s_001020,m_108 m_289 m_305 m_321 m_153
s_001022,m_119 m_092 m_179 m_224 m_062
s_001026,m_119 m_092 m_179 m_224 m_062
s_001027,m_083 m_224 m_015 m_065 m_062
s_001029,m_092 m_255 m_026 m_235 m_095
s_001030,m_289 m_179 m_135 m_252 m_280
s_001031,m_119 m_092 m_179 m_224 m_062
s_001032,m_119 m_092 m_179 m_224 m_062
s_001033,m_110 m_179 m_318 m_163 m_156
s_001034,m_015 m_010 m_165 m_062 m_076
s_001036,m_119 m_092 m_179 m_224 m_062
s_001039,m_104 m_179 m_247 m_210 m_204
s_001040,m_021 m_119 m_041 m_125 m_303
s_001041,m_119 m_092 m_179 m_224 m_062
s_001042,m_204 m_179 m_180 m_211 m_108
s_001044,m_119 m_092 m_179 m_224 m_062
s_001045,m_156 m_247 m_021 m_110 m_282
s_001046,m_015 m_224 m_180 m_018 m_005
s_001047,m_119 m_092 m_179 m_224 m_062
s_001048,m_108 m_044 m_234 m_163 m_127
s_001049,m_108 m_224 m_174 m_210 m_053
s_001050,m_280 m_010 m_041 m_225 m_305
s_001051,m_108 m_092 m_059 m_105 m_225
s_001052,m_289 m_222 m_163 m_059 m_010
s_001054,m_119 m_092 m_179 m_224 m_062
s_001055,m_119 m_092 m_179 m_224 m_062
s_001059,m_119 m_092 m_179 m_224 m_062
s_001060,m_179 m_224 m_289 m_321 m_252
s_001063,m_119 m_289 m_232 m_179 m_140
s_001064,m_119 m_092 m_179 m_224 m_062
s_001066,m_119 m_092 m_179 m_224 m_062
s_001067,m_119 m_092 m_179 m_224 m_062
s_001069,m_135 m_179 m_225 m_210 m_204
s_001070,m_218 m_308 m_092 m_108 m_093
s_001071,m_179 m_210 m_281 m_252 m_280
s_001072,m_005 m_022 m_002 m_091 m_015
s_001073,m_156 m_224 m_305 m_155 m_119
s_001074,m_179 m_289 m_066 m_282 m_126
s_001076,m_119 m_092 m_179 m_224 m_062
s_001077,m_119 m_092 m_179 m_224 m_062
s_001078,m_280 m_282 m_053 m_271 m_225
s_001079,m_119 m_092 m_179 m_224 m_062
s_001080,m_119 m_092 m_179 m_224 m_062
s_001082,m_152 m_225 m_026 m_093 m_210
s_001083,m_156 m_179 m_002 m_026 m_224
s_001084,m_247 m_021 m_234 m_124 m_099
s_001085,m_119 m_092 m_179 m_224 m_062
s_001086,m_041 m_305 m_124 m_289 m_162
s_001087,m_099 m_015 m_005 m_018 m_022
s_001089,m_119 m_092 m_179 m_224 m_062
s_001090,m_059 m_099 m_044 m_045 m_291
s_001094,m_059 m_193 m_237 m_252 m_093
s_001095,m_119 m_092 m_179 m_224 m_062
s_001096,m_119 m_092 m_179 m_224 m_062
s_001097,m_278 m_222 m_280 m_010 m_247
s_001098,m_119 m_092 m_179 m_224 m_062
s_001100,m_119 m_092 m_179 m_224 m_062
s_001101,m_152 m_247 m_200 m_179 m_252
s_001102,m_119 m_092 m_179 m_224 m_062
s_001103,m_062 m_254 m_221 m_059 m_204
s_001105,m_119 m_092 m_179 m_224 m_062
s_001106,m_224 m_282 m_092 m_247 m_010
s_001107,m_119 m_092 m_179 m_224 m_062
s_001109,m_119 m_225 m_210 m_010 m_179
s_001111,m_280 m_278 m_282 m_247 m_005
s_001112,m_119 m_092 m_179 m_224 m_062
s_001113,m_045 m_044 m_010 m_053 m_247
s_001116,m_284 m_247 m_289 m_163 m_282
s_001118,m_119 m_092 m_179 m_224 m_062
s_001119,m_179 m_099 m_231 m_210 m_018
s_001120,m_210 m_135 m_106 m_204 m_147
s_001121,m_156 m_066 m_035 m_321 m_179
s_001124,m_179 m_210 m_204 m_126 m_135
s_001125,m_053 m_119 m_005 m_022 m_091
s_001126,m_119 m_092 m_179 m_224 m_062
s_001128,m_119 m_092 m_179 m_224 m_062
s_001129,m_119 m_092 m_179 m_224 m_062
s_001133,m_119 m_092 m_179 m_224 m_062
s_001135,m_007 m_222 m_035 m_163 m_185
s_001136,m_119 m_092 m_179 m_224 m_062
s_001137,m_053 m_092 m_237 m_193 m_184
s_001138,m_119 m_092 m_179 m_224 m_062
s_001141,m_225 m_103 m_235 m_041 m_083
s_001142,m_119 m_092 m_179 m_224 m_062
s_001143,m_211 m_179 m_062 m_165 m_210
s_001144,m_204 m_179 m_092 m_119 m_210
s_001145,m_119 m_092 m_179 m_224 m_062
s_001146,m_119 m_092 m_179 m_224 m_062
s_001147,m_289 m_278 m_282 m_010 m_224
s_001148,m_108 m_225 m_163 m_318 m_210
s_001149,m_224 m_280 m_135 m_247 m_282
s_001151,m_179 m_119 m_284 m_053 m_247
s_001154,m_119 m_092 m_179 m_224 m_062
s_001156,m_119 m_092 m_179 m_224 m_062
s_001157,m_155 m_225 m_287 m_247 m_303
s_001158,m_193 m_245 m_237 m_295 m_247
s_001159,m_179 m_092 m_204 m_135 m_210
s_001161,m_179 m_252 m_093 m_163 m_105
s_001162,m_119 m_092 m_179 m_224 m_062
s_001163,m_010 m_321 m_289 m_282 m_224
s_001164,m_103 m_124 m_110 m_035 m_156
s_001165,m_179 m_126 m_204 m_062 m_135
s_001167,m_156 m_026 m_307 m_110 m_282
s_001168,m_041 m_135 m_126 m_105 m_179
s_001169,m_225 m_108 m_093 m_245 m_247
s_001172,m_119 m_092 m_179 m_224 m_062
s_001175,m_289 m_035 m_282 m_156 m_010
s_001177,m_119 m_092 m_179 m_224 m_062
s_001178,m_092 m_144 m_179 m_065 m_062
s_001179,m_092 m_179 m_091 m_105 m_117
s_001181,m_289 m_321 m_179 m_092 m_284
s_001182,m_225 m_179 m_318 m_041 m_287
s_001183,m_119 m_179 m_224 m_026 m_204
s_001185,m_255 m_224 m_235 m_099 m_092
s_001187,m_289 m_108 m_092 m_252 m_042
s_001189,m_282 m_119 m_280 m_210 m_278
s_001192,m_119 m_092 m_179 m_224 m_062
s_001195,m_289 m_083 m_156 m_010 m_321
s_001196,m_271 m_105 m_092 m_079 m_163
s_001197,m_252 m_210 m_204 m_119 m_135
s_001200,m_119 m_204 m_179 m_135 m_126
s_001201,m_119 m_092 m_179 m_224 m_062
s_001202,m_119 m_092 m_179 m_224 m_062
s_001203,m_119 m_092 m_179 m_224 m_062
s_001204,m_271 m_222 m_045 m_321 m_010
s_001206,m_119 m_092 m_179 m_224 m_062
s_001207,m_119 m_092 m_179 m_224 m_062
s_001208,m_041 m_184 m_002 m_044 m_092
s_001209,m_119 m_092 m_179 m_224 m_062
s_001210,m_225 m_108 m_092 m_184 m_282
s_001212,m_119 m_092 m_179 m_224 m_062
s_001214,m_119 m_092 m_179 m_224 m_062
s_001215,m_119 m_092 m_179 m_224 m_062
s_001216,m_271 m_092 m_069 m_184 m_236
s_001217,m_092 m_045 m_282 m_321 m_053
s_001220,m_007 m_193 m_278 m_179 m_035
s_001221,m_204 m_179 m_210 m_186 m_266
s_001222,m_152 m_026 m_083 m_179 m_280
s_001223,m_119 m_092 m_179 m_224 m_062
s_001224,m_204 m_179 m_140 m_126 m_152
s_001226,m_119 m_092 m_179 m_224 m_062
s_001227,m_119 m_092 m_179 m_224 m_062
s_001228,m_179 m_252 m_119 m_281 m_180
s_001233,m_041 m_010 m_179 m_069 m_224
s_001235,m_053 m_110 m_155 m_289 m_035
s_001237,m_119 m_092 m_179 m_224 m_062
s_001239,m_119 m_092 m_179 m_224 m_062
s_001241,m_119 m_092 m_179 m_224 m_062
s_001242,m_179 m_105 m_174 m_278 m_180
s_001243,m_225 m_271 m_282 m_280 m_092
s_001245,m_179 m_152 m_143 m_140 m_210
s_001246,m_092 m_280 m_184 m_099 m_278
s_001251,m_280 m_282 m_289 m_278 m_252
s_001252,m_119 m_092 m_179 m_224 m_062
s_001253,m_093 m_308 m_225 m_293 m_062
s_001254,m_044 m_092 m_255 m_271 m_105
s_001256,m_041 m_222 m_053 m_092 m_105
s_001258,m_021 m_224 m_083 m_204 m_092
s_001259,m_099 m_222 m_018 m_098 m_127
s_001260,m_021 m_278 m_245 m_280 m_193
s_001261,m_225 m_210 m_108 m_289 m_211
s_001262,m_179 m_289 m_222 m_015 m_282
s_001265,m_222 m_278 m_280 m_079 m_284
s_001266,m_041 m_225 m_093 m_053 m_308
s_001268,m_280 m_225 m_135 m_278 m_119
s_001269,m_119 m_092 m_179 m_224 m_062
s_001270,m_210 m_179 m_204 m_135 m_180
s_001271,m_193 m_179 m_222 m_282 m_035
s_001272,m_119 m_092 m_179 m_224 m_062
s_001273,m_093 m_308 m_225 m_237 m_095
s_001274,m_179 m_126 m_135 m_252 m_204
s_001275,m_135 m_204 m_126 m_282 m_210
s_001276,m_119 m_092 m_179 m_224 m_062
s_001281,m_079 m_289 m_280 m_282 m_278
s_001283,m_119 m_092 m_179 m_224 m_062
s_001284,m_119 m_225 m_010 m_282 m_280
s_001285,m_280 m_271 m_290 m_282 m_278
s_001286,m_093 m_225 m_041 m_106 m_002
s_001287,m_092 m_222 m_305 m_284 m_282
s_001289,m_119 m_092 m_179 m_224 m_062
s_001290,m_119 m_092 m_179 m_224 m_062
s_001291,m_254 m_281 m_266 m_204 m_179
s_001293,m_119 m_092 m_179 m_224 m_062
s_001295,m_077 m_108 m_225 m_002 m_092
s_001297,m_119 m_092 m_179 m_224 m_062
s_001298,m_119 m_092 m_179 m_224 m_062
s_001299,m_224 m_092 m_105 m_284 m_069
s_001300,m_254 m_041 m_218 m_135 m_179
s_001303,m_119 m_092 m_179 m_224 m_062
s_001305,m_234 m_156 m_099 m_014 m_321
s_001306,m_119 m_092 m_179 m_224 m_062
s_001307,m_119 m_092 m_179 m_224 m_062
s_001308,m_010 m_099 m_119 m_135 m_247
s_001311,m_083 m_110 m_135 m_035 m_282
s_001313,m_099 m_018 m_321 m_111 m_233
s_001314,m_204 m_179 m_126 m_252 m_135
s_001318,m_119 m_092 m_179 m_224 m_062
s_001320,m_157 m_252 m_281 m_282 m_105
s_001321,m_119 m_253 m_155 m_092 m_106
s_001322,m_108 m_110 m_041 m_105 m_156
s_001325,m_282 m_026 m_280 m_115 m_002
s_001327,m_278 m_280 m_053 m_092 m_093
s_001329,m_119 m_092 m_179 m_224 m_062
s_001330,m_179 m_210 m_092 m_076 m_105
s_001331,m_119 m_092 m_179 m_224 m_062
s_001332,m_287 m_281 m_044 m_282 m_179
s_001334,m_015 m_222 m_193 m_237 m_321
s_001336,m_119 m_092 m_179 m_224 m_062
s_001337,m_119 m_092 m_179 m_224 m_062
s_001338,m_247 m_245 m_237 m_193 m_185
s_001339,m_179 m_224 m_289 m_252 m_282
s_001340,m_119 m_092 m_179 m_224 m_062
s_001345,m_224 m_282 m_290 m_119 m_289
s_001347,m_119 m_092 m_179 m_224 m_062
s_001348,m_119 m_255 m_252 m_254 m_280
s_001349,m_045 m_092 m_282 m_184 m_210
s_001350,m_119 m_179 m_204 m_254 m_210
s_001352,m_282 m_026 m_119 m_115 m_010
s_001354,m_126 m_124 m_055 m_062 m_247
s_001355,m_225 m_179 m_093 m_253 m_282
s_001356,m_053 m_092 m_282 m_005 m_022
s_001357,m_059 m_092 m_093 m_108 m_106
s_001358,m_079 m_002 m_092 m_222 m_235
s_001360,m_252 m_119 m_280 m_282 m_126
s_001361,m_289 m_126 m_106 m_083 m_010
s_001362,m_119 m_092 m_179 m_224 m_062
s_001363,m_119 m_092 m_179 m_224 m_062
s_001364,m_119 m_210 m_126 m_179 m_204
s_001365,m_156 m_321 m_110 m_307 m_010
s_001367,m_179 m_247 m_135 m_119 m_282
s_001368,m_119 m_092 m_179 m_224 m_062
s_001369,m_156 m_066 m_035 m_110 m_285
s_001371,m_083 m_225 m_093 m_091 m_154
s_001372,m_093 m_184 m_192 m_053 m_108
s_001373,m_210 m_119 m_126 m_204 m_053
s_001374,m_119 m_281 m_225 m_010 m_282
s_001375,m_218 m_144 m_185 m_186 m_179
s_001376,m_092 m_002 m_062 m_042 m_119
s_001377,m_289 m_282 m_092 m_278 m_179
s_001378,m_289 m_282 m_204 m_210 m_119
s_001379,m_119 m_092 m_179 m_224 m_062
s_001380,m_092 m_053 m_204 m_179 m_282
s_001383,m_119 m_092 m_179 m_224 m_062
s_001384,m_108 m_247 m_092 m_179 m_282
s_001385,m_119 m_092 m_179 m_224 m_062
s_001386,m_119 m_092 m_179 m_224 m_062
s_001387,m_210 m_282 m_092 m_108 m_287
s_001389,m_218 m_185 m_186 m_301 m_179
s_001391,m_092 m_282 m_281 m_280 m_135
s_001392,m_224 m_284 m_321 m_282 m_105
s_001393,m_119 m_092 m_179 m_224 m_062
s_001394,m_155 m_126 m_214 m_135 m_147
s_001395,m_119 m_092 m_179 m_224 m_062
s_001396,m_053 m_059 m_106 m_035 m_225
s_001397,m_289 m_204 m_119 m_210 m_179
s_001399,m_224 m_010 m_289 m_280 m_247
s_001400,m_119 m_092 m_179 m_224 m_062
s_001401,m_119 m_092 m_179 m_224 m_062
s_001403,m_119 m_092 m_179 m_224 m_062
s_001404,m_289 m_305 m_287 m_110 m_282
s_001405,m_119 m_179 m_284 m_125 m_289
s_001406,m_155 m_092 m_210 m_119 m_110
s_001409,m_147 m_140 m_247 m_119 m_245
s_001410,m_119 m_092 m_179 m_224 m_062
s_001411,m_222 m_002 m_015 m_092 m_111
s_001412,m_119 m_092 m_179 m_224 m_062
s_001413,m_225 m_247 m_053 m_287 m_204
s_001415,m_179 m_211 m_204 m_092 m_165
s_001416,m_119 m_092 m_179 m_224 m_062
s_001418,m_224 m_119 m_179 m_204 m_062
s_001420,m_119 m_092 m_179 m_224 m_062
s_001422,m_179 m_193 m_059 m_041 m_245
s_001423,m_200 m_015 m_199 m_163 m_157
s_001424,m_110 m_041 m_066 m_289 m_162
s_001425,m_289 m_135 m_282 m_076 m_204
s_001429,m_237 m_193 m_321 m_010 m_179
s_001431,m_119 m_092 m_179 m_224 m_062
s_001434,m_218 m_119 m_059 m_062 m_179
s_001436,m_179 m_252 m_155 m_210 m_204
s_001437,m_119 m_092 m_179 m_224 m_062
s_001439,m_224 m_119 m_282 m_010 m_055
s_001441,m_225 m_289 m_247 m_010 m_278
s_001442,m_099 m_092 m_135 m_204 m_210
s_001448,m_225 m_224 m_193 m_053 m_237
s_001449,m_179 m_092 m_007 m_287 m_185
s_001452,m_041 m_224 m_222 m_044 m_042
s_001453,m_222 m_091 m_140 m_015 m_005
s_001454,m_179 m_247 m_222 m_224 m_204
s_001455,m_092 m_007 m_282 m_247 m_105
s_001458,m_225 m_210 m_281 m_092 m_179
s_001459,m_210 m_092 m_135 m_179 m_280
s_001461,m_271 m_222 m_124 m_245 m_162
s_001462,m_119 m_092 m_179 m_224 m_062
s_001467,m_152 m_232 m_258 m_154 m_076
s_001469,m_119 m_092 m_179 m_224 m_062
s_001470,m_252 m_126 m_179 m_210 m_135
s_001471,m_282 m_225 m_278 m_156 m_026
s_001472,m_119 m_092 m_179 m_224 m_062
s_001475,m_119 m_092 m_179 m_224 m_062
s_001477,m_119 m_092 m_179 m_224 m_062
s_001479,m_179 m_092 m_119 m_282 m_280
s_001481,m_119 m_092 m_179 m_224 m_062
s_001482,m_179 m_222 m_321 m_162 m_111
s_001484,m_002 m_157 m_284 m_294 m_224
s_001485,m_119 m_092 m_179 m_224 m_062
s_001486,m_119 m_092 m_179 m_224 m_062
s_001489,m_210 m_192 m_041 m_055 m_153
s_001492,m_282 m_179 m_126 m_007 m_280
s_001493,m_119 m_092 m_179 m_224 m_062
s_001494,m_119 m_053 m_099 m_126 m_018
s_001495,m_119 m_092 m_179 m_224 m_062
s_001496,m_092 m_225 m_002 m_287 m_179
s_001498,m_119 m_092 m_179 m_224 m_062
s_001499,m_318 m_179 m_108 m_225 m_204
s_001501,m_179 m_092 m_289 m_093 m_282
s_001502,m_179 m_271 m_163 m_284 m_174
s_001503,m_135 m_278 m_282 m_126 m_083
s_001504,m_155 m_210 m_026 m_083 m_180
s_001507,m_041 m_282 m_289 m_163 m_092
s_001509,m_119 m_092 m_179 m_224 m_062
s_001512,m_119 m_092 m_179 m_224 m_062
s_001514,m_119 m_092 m_179 m_224 m_062
s_001515,m_015 m_290 m_005 m_055 m_022
s_001517,m_210 m_119 m_179 m_204 m_065
s_001519,m_041 m_225 m_210 m_026 m_179
s_001520,m_119 m_092 m_179 m_224 m_062
s_001521,m_222 m_163 m_282 m_135 m_162
s_001522,m_119 m_092 m_179 m_224 m_062
s_001523,m_010 m_289 m_179 m_271 m_135
s_001525,m_119 m_092 m_179 m_224 m_062
s_001527,m_119 m_179 m_041 m_108 m_105
s_001528,m_092 m_305 m_126 m_155 m_282
s_001530,m_119 m_092 m_179 m_224 m_062
s_001531,m_135 m_222 m_010 m_126 m_179
s_001532,m_294 m_143 m_231 m_222 m_145
s_001535,m_119 m_092 m_179 m_224 m_062
s_001536,m_282 m_280 m_287 m_247 m_179
s_001537,m_119 m_092 m_179 m_224 m_062
s_001538,m_119 m_092 m_179 m_224 m_062
s_001539,m_119 m_092 m_179 m_224 m_062
s_001540,m_062 m_083 m_002 m_179 m_204
s_001543,m_224 m_321 m_045 m_005 m_099
s_001544,m_119 m_092 m_179 m_224 m_062
s_001545,m_119 m_106 m_204 m_179 m_135
s_001548,m_119 m_092 m_179 m_224 m_062
s_001550,m_224 m_065 m_062 m_092 m_254
s_001551,m_119 m_092 m_179 m_224 m_062
s_001553,m_119 m_092 m_179 m_224 m_062
s_001555,m_026 m_210 m_179 m_092 m_291
s_001556,m_144 m_218 m_270 m_185 m_186
s_001557,m_119 m_092 m_179 m_224 m_062
s_001558,m_119 m_092 m_179 m_224 m_062
s_001560,m_119 m_092 m_179 m_224 m_062
s_001561,m_222 m_092 m_271 m_289 m_174
s_001562,m_026 m_271 m_255 m_044 m_111
s_001563,m_280 m_010 m_222 m_271 m_282
s_001564,m_021 m_156 m_225 m_278 m_193
s_001565,m_282 m_135 m_210 m_010 m_021
s_001566,m_179 m_210 m_204 m_135 m_126
s_001570,m_156 m_321 m_066 m_155 m_092
s_001571,m_235 m_255 m_062 m_210 m_105
s_001572,m_119 m_092 m_179 m_224 m_062
s_001575,m_282 m_108 m_280 m_289 m_278
s_001576,m_135 m_224 m_282 m_105 m_119
s_001578,m_280 m_282 m_253 m_135 m_179
s_001581,m_157 m_092 m_174 m_224 m_282
s_001582,m_041 m_204 m_126 m_281 m_179
s_001583,m_119 m_108 m_110 m_104 m_105
s_001585,m_156 m_225 m_110 m_218 m_066
s_001586,m_103 m_247 m_092 m_224 m_066
s_001587,m_119 m_092 m_179 m_224 m_062
s_001588,m_119 m_092 m_179 m_224 m_062
s_001590,m_119 m_092 m_179 m_224 m_062
s_001593,m_204 m_287 m_210 m_180 m_119
s_001595,m_119 m_092 m_179 m_224 m_062
s_001596,m_271 m_318 m_044 m_162 m_091
s_001597,m_179 m_010 m_119 m_280 m_222
s_001599,m_108 m_092 m_210 m_305 m_252
s_001600,m_119 m_092 m_179 m_224 m_062
s_001601,m_108 m_192 m_153 m_247 m_010
s_001603,m_245 m_296 m_282 m_237 m_193
s_001605,m_179 m_289 m_321 m_035 m_026
s_001606,m_179 m_204 m_126 m_281 m_289
s_001607,m_053 m_280 m_026 m_278 m_235
s_001608,m_119 m_092 m_179 m_224 m_062
s_001611,m_119 m_092 m_179 m_224 m_062
s_001613,m_155 m_154 m_222 m_179 m_140
s_001614,m_180 m_204 m_210 m_185 m_135
s_001615,m_119 m_092 m_179 m_224 m_062
s_001616,m_021 m_083 m_271 m_163 m_124
s_001619,m_119 m_092 m_179 m_224 m_062
s_001621,m_108 m_224 m_305 m_095 m_210
s_001622,m_119 m_092 m_179 m_224 m_062
s_001624,m_271 m_321 m_156 m_062 m_053
s_001627,m_125 m_152 m_062 m_247 m_119
s_001628,m_210 m_179 m_252 m_204 m_254
s_001629,m_119 m_092 m_179 m_224 m_062
s_001631,m_119 m_092 m_179 m_224 m_062
s_001632,m_289 m_305 m_157 m_284 m_035
s_001633,m_119 m_092 m_179 m_224 m_062
s_001634,m_179 m_106 m_204 m_140 m_252
s_001635,m_119 m_092 m_179 m_224 m_062
s_001638,m_092 m_179 m_174 m_156 m_204
s_001639,m_119 m_092 m_179 m_224 m_062
s_001640,m_126 m_287 m_179 m_247 m_280
s_001641,m_042 m_065 m_062 m_119 m_247
s_001644,m_222 m_092 m_015 m_010 m_091
s_001645,m_119 m_092 m_179 m_224 m_062
s_001648,m_282 m_280 m_245 m_193 m_237
s_001650,m_179 m_252 m_204 m_210 m_119
s_001651,m_103 m_007 m_253 m_222 m_026
s_001653,m_156 m_140 m_110 m_035 m_152
s_001654,m_119 m_092 m_179 m_224 m_062
s_001655,m_155 m_041 m_318 m_247 m_163
s_001658,m_210 m_179 m_204 m_126 m_287
s_001661,m_119 m_092 m_179 m_224 m_062
s_001662,m_119 m_092 m_179 m_224 m_062
s_001666,m_041 m_099 m_092 m_018 m_135
s_001667,m_210 m_282 m_053 m_179 m_163
s_001668,m_218 m_144 m_232 m_254 m_270
s_001669,m_021 m_119 m_062 m_210 m_179
s_001670,m_035 m_018 m_024 m_163 m_162
s_001672,m_199 m_002 m_192 m_069 m_062
s_001673,m_099 m_018 m_224 m_305 m_222
s_001675,m_179 m_135 m_152 m_252 m_119
s_001676,m_225 m_280 m_278 m_224 m_010
s_001678,m_119 m_092 m_179 m_224 m_062
s_001679,m_278 m_247 m_225 m_092 m_222
s_001680,m_119 m_092 m_179 m_224 m_062
s_001682,m_119 m_092 m_179 m_224 m_062
s_001683,m_135 m_106 m_179 m_140 m_099
s_001684,m_224 m_179 m_278 m_193 m_280
s_001686,m_015 m_284 m_252 m_222 m_224
s_001688,m_119 m_092 m_179 m_224 m_062
s_001691,m_119 m_059 m_062 m_165 m_303
s_001693,m_224 m_119 m_247 m_284 m_062
s_001695,m_119 m_092 m_179 m_224 m_062
s_001696,m_289 m_321 m_278 m_124 m_280
s_001698,m_135 m_106 m_156 m_307 m_108
s_001699,m_119 m_092 m_179 m_224 m_062
s_001700,m_179 m_154 m_180 m_204 m_076
s_001701,m_041 m_002 m_092 m_093 m_026
s_001702,m_237 m_252 m_193 m_081 m_247
s_001703,m_119 m_092 m_179 m_224 m_062
s_001704,m_225 m_119 m_092 m_224 m_287
s_001705,m_119 m_092 m_179 m_224 m_062
s_001707,m_053 m_222 m_005 m_321 m_091
s_001708,m_280 m_055 m_281 m_210 m_186
s_001710,m_053 m_321 m_093 m_099 m_225
s_001712,m_225 m_222 m_278 m_247 m_010
s_001714,m_119 m_092 m_179 m_224 m_062
s_001715,m_092 m_193 m_282 m_237 m_053
s_001717,m_119 m_092 m_179 m_224 m_062
s_001720,m_092 m_179 m_235 m_093 m_144
s_001721,m_135 m_106 m_092 m_179 m_281
s_001722,m_225 m_179 m_026 m_287 m_280
s_001723,m_053 m_007 m_305 m_103 m_092
s_001724,m_271 m_222 m_044 m_117 m_174
s_001725,m_119 m_092 m_179 m_224 m_062
s_001728,m_099 m_222 m_018 m_098 m_143
s_001730,m_155 m_281 m_307 m_092 m_282
s_001731,m_179 m_252 m_254 m_265 m_065
s_001732,m_225 m_282 m_280 m_222 m_289
s_001734,m_321 m_222 m_280 m_252 m_282
s_001736,m_066 m_147 m_041 m_247 m_245
s_001737,m_163 m_318 m_271 m_055 m_035
s_001738,m_119 m_092 m_179 m_224 m_062
s_001740,m_222 m_252 m_179 m_204 m_105
s_001741,m_225 m_282 m_280 m_287 m_010
s_001743,m_119 m_092 m_179 m_224 m_062
s_001744,m_255 m_225 m_280 m_163 m_099
s_001745,m_083 m_179 m_224 m_289 m_143
s_001746,m_247 m_010 m_179 m_252 m_204
s_001747,m_156 m_179 m_110 m_035 m_119
s_001749,m_007 m_285 m_106 m_293 m_135
s_001750,m_282 m_289 m_174 m_105 m_307
s_001752,m_119 m_092 m_179 m_224 m_062
s_001753,m_119 m_092 m_179 m_224 m_062
s_001754,m_155 m_287 m_254 m_266 m_179
s_001756,m_119 m_092 m_179 m_224 m_062
s_001757,m_119 m_092 m_179 m_224 m_062
s_001759,m_119 m_010 m_282 m_092 m_252
s_001761,m_119 m_092 m_179 m_224 m_062
s_001762,m_119 m_092 m_179 m_224 m_062
s_001763,m_119 m_092 m_179 m_224 m_062
s_001764,m_007 m_278 m_222 m_053 m_290
s_001765,m_156 m_110 m_092 m_035 m_079
s_001766,m_015 m_005 m_091 m_022 m_026
s_001767,m_119 m_092 m_179 m_224 m_062
s_001768,m_119 m_092 m_179 m_224 m_062
s_001770,m_119 m_092 m_179 m_224 m_062
s_001771,m_204 m_252 m_156 m_035 m_053
s_001773,m_119 m_092 m_179 m_224 m_062
s_001774,m_119 m_092 m_179 m_224 m_062
s_001775,m_106 m_126 m_179 m_152 m_252
s_001776,m_210 m_179 m_308 m_192 m_225
s_001777,m_247 m_010 m_280 m_179 m_069
s_001778,m_083 m_179 m_092 m_062 m_035
s_001779,m_119 m_092 m_179 m_224 m_062
s_001782,m_119 m_092 m_179 m_224 m_062
s_001783,m_280 m_053 m_083 m_010 m_026
s_001784,m_204 m_179 m_252 m_119 m_222
s_001785,m_119 m_253 m_287 m_007 m_252
s_001786,m_210 m_179 m_204 m_180 m_035
s_001788,m_318 m_163 m_079 m_271 m_162
s_001790,m_119 m_092 m_179 m_224 m_062
s_001792,m_125 m_156 m_287 m_083 m_321
s_001794,m_119 m_092 m_179 m_224 m_062
s_001795,m_099 m_253 m_092 m_018 m_044
s_001796,m_119 m_092 m_179 m_224 m_062
s_001797,m_021 m_119 m_092 m_010 m_266
s_001798,m_119 m_092 m_179 m_224 m_062
s_001799,m_179 m_106 m_224 m_282 m_092
s_001802,m_119 m_092 m_179 m_224 m_062
s_001803,m_222 m_282 m_210 m_305 m_035
s_001804,m_119 m_092 m_179 m_224 m_062
s_001805,m_119 m_010 m_270 m_266 m_076
s_001808,m_280 m_271 m_247 m_021 m_282
s_001809,m_053 m_210 m_222 m_271 m_224
s_001810,m_108 m_093 m_282 m_225 m_317
s_001813,m_222 m_179 m_119 m_135 m_210
s_001816,m_066 m_224 m_289 m_010 m_156
s_001819,m_119 m_092 m_179 m_224 m_062
s_001821,m_119 m_092 m_179 m_224 m_062
s_001823,m_041 m_152 m_099 m_225 m_154
s_001824,m_119 m_092 m_179 m_224 m_062
s_001825,m_119 m_092 m_179 m_224 m_062
s_001828,m_119 m_092 m_179 m_224 m_062
s_001830,m_041 m_156 m_152 m_125 m_135
s_001831,m_119 m_092 m_179 m_224 m_062
s_001836,m_110 m_156 m_179 m_252 m_289
s_001839,m_222 m_140 m_018 m_252 m_111
s_001840,m_021 m_282 m_126 m_305 m_179
s_001841,m_059 m_135 m_179 m_287 m_247
s_001842,m_224 m_289 m_119 m_247 m_010
s_001843,m_010 m_289 m_083 m_284 m_247
s_001844,m_119 m_092 m_179 m_224 m_062
s_001845,m_119 m_092 m_179 m_224 m_062
s_001847,m_224 m_280 m_284 m_083 m_092
s_001848,m_103 m_224 m_289 m_222 m_026
s_001850,m_108 m_192 m_153 m_055 m_210
s_001852,m_224 m_222 m_066 m_179 m_062
s_001854,m_119 m_092 m_179 m_224 m_062
s_001855,m_280 m_222 m_282 m_271 m_015
s_001856,m_092 m_053 m_252 m_199 m_200
s_001858,m_119 m_092 m_179 m_224 m_062
s_001859,m_002 m_235 m_053 m_092 m_282
s_001860,m_125 m_174 m_035 m_079 m_282
s_001862,m_119 m_083 m_105 m_284 m_174
s_001863,m_245 m_062 m_092 m_119 m_303
s_001864,m_119 m_092 m_179 m_224 m_062
s_001866,m_174 m_222 m_282 m_092 m_224
s_001868,m_152 m_179 m_156 m_204 m_007
s_001870,m_066 m_110 m_041 m_222 m_289
s_001871,m_083 m_281 m_291 m_252 m_296
s_001872,m_119 m_092 m_179 m_224 m_062
s_001873,m_119 m_092 m_179 m_224 m_062
s_001874,m_156 m_099 m_214 m_110 m_135
s_001875,m_179 m_093 m_252 m_204 m_210
s_001876,m_007 m_193 m_280 m_179 m_237
s_001877,m_119 m_092 m_179 m_224 m_062
s_001878,m_119 m_092 m_179 m_224 m_062
s_001880,m_119 m_092 m_179 m_224 m_062
s_001881,m_119 m_092 m_179 m_224 m_062
s_001882,m_041 m_252 m_199 m_179 m_111
s_001886,m_280 m_282 m_119 m_010 m_126
s_001887,m_179 m_321 m_214 m_289 m_156
s_001888,m_234 m_015 m_005 m_022 m_091
s_001890,m_119 m_092 m_179 m_224 m_062
s_001891,m_021 m_179 m_245 m_193 m_278
s_001893,m_222 m_289 m_204 m_179 m_163
s_001895,m_119 m_092 m_179 m_224 m_062
s_001898,m_222 m_092 m_015 m_235 m_079
s_001899,m_282 m_092 m_252 m_278 m_026
s_001901,m_247 m_193 m_237 m_245 m_219
s_001903,m_119 m_092 m_179 m_224 m_062
s_001904,m_210 m_179 m_125 m_247 m_204
s_001905,m_041 m_179 m_035 m_010 m_280
s_001906,m_247 m_179 m_193 m_165 m_204
s_001907,m_119 m_092 m_179 m_224 m_062
s_001908,m_144 m_280 m_282 m_185 m_278
s_001911,m_108 m_224 m_174 m_210 m_105
s_001912,m_108 m_041 m_105 m_252 m_218
s_001913,m_026 m_318 m_092 m_222 m_053
s_001914,m_179 m_247 m_092 m_035 m_152
s_001921,m_119 m_179 m_211 m_303 m_106
s_001923,m_222 m_157 m_092 m_275 m_313
s_001924,m_119 m_092 m_179 m_224 m_062
s_001926,m_119 m_092 m_179 m_224 m_062
s_001929,m_255 m_125 m_252 m_179 m_165
s_001930,m_119 m_092 m_179 m_224 m_062
s_001933,m_119 m_092 m_179 m_224 m_062
s_001935,m_119 m_092 m_179 m_224 m_062
s_001936,m_179 m_271 m_180 m_105 m_204
s_001938,m_280 m_278 m_282 m_010 m_179
s_001939,m_119 m_092 m_179 m_224 m_062
s_001941,m_053 m_321 m_289 m_222 m_026
s_001942,m_255 m_114 m_065 m_252 m_214
s_001946,m_210 m_289 m_106 m_135 m_254
s_001947,m_119 m_092 m_179 m_224 m_062
s_001948,m_119 m_092 m_179 m_224 m_062
s_001951,m_119 m_092 m_179 m_224 m_062
s_001953,m_119 m_092 m_179 m_224 m_062
s_001955,m_119 m_092 m_179 m_224 m_062
s_001957,m_119 m_092 m_179 m_224 m_062
s_001958,m_119 m_092 m_179 m_224 m_062
s_001959,m_225 m_204 m_252 m_083 m_119
s_001961,m_287 m_124 m_117 m_200 m_163
s_001962,m_245 m_247 m_224 m_282 m_237
s_001965,m_225 m_179 m_282 m_042 m_289
s_001967,m_119 m_092 m_179 m_224 m_062
s_001968,m_015 m_092 m_053 m_231 m_099
s_001969,m_119 m_092 m_179 m_224 m_062
s_001971,m_224 m_119 m_204 m_282 m_179
s_001974,m_059 m_180 m_179 m_083 m_119
s_001975,m_119 m_092 m_179 m_224 m_062
s_001976,m_255 m_294 m_044 m_200 m_222
s_001977,m_210 m_281 m_066 m_062 m_119
s_001980,m_119 m_092 m_179 m_224 m_062
s_001981,m_119 m_092 m_179 m_224 m_062
s_001982,m_225 m_271 m_041 m_210 m_059
s_001983,m_119 m_092 m_179 m_224 m_062
s_001986,m_234 m_321 m_289 m_044 m_179
s_001987,m_294 m_289 m_156 m_222 m_163
s_001988,m_225 m_278 m_282 m_105 m_280
s_001990,m_108 m_002 m_308 m_093 m_095
s_001993,m_155 m_083 m_135 m_119 m_010
s_001994,m_192 m_093 m_225 m_055 m_153
s_001996,m_156 m_035 m_066 m_163 m_289
s_001998,m_053 m_289 m_045 m_119 m_305
s_002000,m_045 m_179 m_321 m_053 m_125
s_002002,m_103 m_253 m_282 m_041 m_179
s_002003,m_053 m_007 m_225 m_079 m_174
s_002004,m_179 m_204 m_247 m_119 m_210
s_002005,m_152 m_179 m_125 m_258 m_204
s_002007,m_156 m_110 m_035 m_271 m_287
s_002008,m_156 m_110 m_066 m_289 m_035
s_002009,m_119 m_092 m_179 m_224 m_062
s_002010,m_119 m_092 m_179 m_224 m_062
s_002011,m_041 m_224 m_010 m_247 m_069
s_002013,m_271 m_108 m_163 m_255 m_127
s_002014,m_119 m_092 m_179 m_224 m_062
s_002015,m_156 m_066 m_224 m_284 m_321
s_002016,m_119 m_092 m_179 m_224 m_062
s_002017,m_119 m_092 m_179 m_224 m_062
s_002018,m_119 m_108 m_179 m_093 m_225
s_002019,m_044 m_026 m_029 m_140 m_222
s_002022,m_153 m_192 m_179 m_210 m_062
s_002023,m_222 m_289 m_005 m_224 m_015
s_002026,m_280 m_282 m_174 m_010 m_278
s_002027,m_108 m_135 m_106 m_163 m_010
s_002028,m_179 m_210 m_147 m_204 m_214
s_002030,m_119 m_092 m_179 m_224 m_062
s_002031,m_225 m_247 m_237 m_002 m_193
s_002032,m_179 m_252 m_124 m_002 m_163
s_002033,m_218 m_185 m_179 m_252 m_186
s_002034,m_224 m_284 m_193 m_282 m_289
s_002035,m_119 m_092 m_179 m_224 m_062
s_002036,m_119 m_092 m_179 m_224 m_062
s_002037,m_318 m_199 m_099 m_200 m_111
s_002040,m_119 m_092 m_179 m_224 m_062
s_002043,m_119 m_092 m_179 m_224 m_062
s_002045,m_119 m_092 m_179 m_224 m_062
s_002047,m_126 m_026 m_092 m_179 m_287
s_002049,m_119 m_092 m_179 m_224 m_062
s_002050,m_280 m_041 m_278 m_010 m_247
s_002051,m_225 m_041 m_044 m_280 m_010
s_002053,m_224 m_007 m_035 m_247 m_289
s_002055,m_119 m_092 m_179 m_224 m_062
s_002057,m_179 m_125 m_180 m_119 m_126
s_002058,m_119 m_204 m_210 m_303 m_225
s_002059,m_119 m_092 m_179 m_224 m_062
s_002060,m_007 m_222 m_044 m_321 m_045
s_002063,m_271 m_222 m_044 m_225 m_162
s_002065,m_119 m_092 m_179 m_224 m_062
s_002066,m_099 m_093 m_002 m_098 m_119
s_002067,m_119 m_092 m_179 m_224 m_062
s_002068,m_099 m_015 m_124 m_018 m_098
s_002070,m_289 m_224 m_297 m_092 m_284
s_002071,m_119 m_092 m_179 m_224 m_062
s_002072,m_015 m_179 m_026 m_222 m_135
s_002073,m_222 m_255 m_092 m_231 m_247
s_002074,m_042 m_104 m_135 m_105 m_225
s_002075,m_021 m_289 m_179 m_222 m_092
s_002077,m_156 m_179 m_110 m_321 m_204
s_002078,m_224 m_247 m_010 m_289 m_152
s_002080,m_092 m_007 m_289 m_284 m_174
s_002081,m_179 m_247 m_092 m_126 m_135
s_002082,m_119 m_092 m_179 m_224 m_062
s_002084,m_119 m_092 m_179 m_224 m_062
s_002086,m_119 m_092 m_179 m_224 m_062
s_002088,m_108 m_106 m_135 m_290 m_186
s_002089,m_079 m_092 m_026 m_174 m_235
s_002090,m_210 m_147 m_179 m_204 m_059
s_002091,m_092 m_099 m_155 m_045 m_021
s_002092,m_119 m_092 m_179 m_224 m_062
s_002093,m_135 m_252 m_254 m_210 m_179
s_002094,m_106 m_252 m_135 m_271 m_126
s_002096,m_210 m_255 m_252 m_163 m_200
s_002097,m_119 m_092 m_179 m_224 m_062
s_002098,m_119 m_092 m_179 m_224 m_062
s_002099,m_002 m_157 m_253 m_145 m_174
s_002100,m_119 m_092 m_179 m_224 m_062
s_002101,m_289 m_305 m_007 m_200 m_105
s_002103,m_083 m_174 m_224 m_157 m_062
s_002104,m_119 m_092 m_179 m_224 m_062
s_002106,m_179 m_152 m_287 m_126 m_180
s_002107,m_143 m_059 m_179 m_231 m_062
s_002110,m_092 m_210 m_119 m_002 m_179
s_002111,m_210 m_179 m_062 m_204 m_287
s_002112,m_119 m_092 m_179 m_224 m_062
s_002115,m_119 m_092 m_179 m_224 m_062
s_002117,m_092 m_289 m_010 m_247 m_179
s_002118,m_119 m_092 m_179 m_224 m_062
s_002120,m_119 m_092 m_179 m_224 m_062
s_002121,m_255 m_284 m_143 m_154 m_225
s_002122,m_218 m_185 m_186 m_252 m_179
s_002123,m_119 m_092 m_179 m_224 m_062
s_002124,m_108 m_321 m_092 m_280 m_010
s_002125,m_021 m_179 m_222 m_010 m_281
s_002126,m_119 m_092 m_179 m_224 m_062
s_002127,m_271 m_318 m_222 m_124 m_281
s_002128,m_119 m_092 m_179 m_224 m_062
s_002129,m_119 m_092 m_179 m_224 m_062
s_002130,m_110 m_035 m_156 m_271 m_289
s_002132,m_021 m_179 m_125 m_204 m_155
s_002133,m_119 m_092 m_179 m_224 m_062
s_002134,m_119 m_092 m_179 m_224 m_062
s_002136,m_289 m_308 m_284 m_317 m_035
s_002137,m_179 m_163 m_091 m_092 m_053
s_002139,m_119 m_092 m_179 m_224 m_062
s_002141,m_106 m_225 m_210 m_179 m_204
s_002142,m_222 m_007 m_179 m_099 m_092
s_002143,m_119 m_092 m_179 m_224 m_062
s_002144,m_119 m_092 m_179 m_224 m_062
s_002145,m_083 m_210 m_282 m_271 m_126
s_002147,m_281 m_245 m_092 m_193 m_287
s_002148,m_092 m_062 m_042 m_179 m_010
s_002149,m_119 m_092 m_179 m_224 m_062
s_002150,m_092 m_007 m_284 m_282 m_289
s_002151,m_119 m_092 m_179 m_224 m_062
s_002153,m_041 m_156 m_059 m_083 m_179
s_002155,m_210 m_179 m_155 m_062 m_092
s_002156,m_044 m_005 m_022 m_091 m_099
s_002159,m_119 m_092 m_179 m_224 m_062
s_002161,m_119 m_092 m_179 m_224 m_062
s_002162,m_289 m_022 m_005 m_066 m_015
s_002163,m_119 m_092 m_179 m_224 m_062
s_002164,m_092 m_224 m_053 m_280 m_045
s_002166,m_021 m_119 m_179 m_010 m_210
s_002170,m_152 m_179 m_307 m_210 m_204
s_002171,m_119 m_092 m_179 m_224 m_062
s_002172,m_083 m_110 m_092 m_282 m_179
s_002174,m_119 m_092 m_179 m_224 m_062
s_002175,m_119 m_092 m_179 m_224 m_062
s_002176,m_119 m_092 m_179 m_224 m_062
s_002178,m_079 m_092 m_103 m_026 m_255
s_002180,m_041 m_053 m_225 m_282 m_044
s_002181,m_119 m_005 m_083 m_015 m_022
s_002182,m_092 m_224 m_278 m_280 m_143
s_002183,m_119 m_180 m_281 m_245 m_179
s_002185,m_119 m_092 m_179 m_224 m_062
s_002186,m_119 m_092 m_179 m_224 m_062
s_002189,m_224 m_044 m_282 m_290 m_119
s_002190,m_021 m_225 m_282 m_041 m_010
s_002191,m_224 m_225 m_066 m_110 m_105
s_002196,m_119 m_092 m_179 m_224 m_062
s_002197,m_210 m_305 m_252 m_007 m_289
s_002198,m_119 m_092 m_179 m_224 m_062
s_002200,m_224 m_135 m_179 m_010 m_204
s_002201,m_092 m_224 m_135 m_007 m_247
s_002202,m_119 m_092 m_179 m_224 m_062
s_002203,m_225 m_179 m_204 m_066 m_282
s_002204,m_156 m_026 m_110 m_179 m_092
s_002205,m_224 m_108 m_282 m_247 m_010
s_002206,m_222 m_044 m_179 m_290 m_174
s_002207,m_119 m_092 m_179 m_224 m_062
s_002208,m_053 m_222 m_045 m_321 m_092
s_002209,m_053 m_045 m_184 m_287 m_126
s_002211,m_119 m_092 m_179 m_224 m_062
s_002212,m_053 m_092 m_005 m_022 m_247
s_002213,m_152 m_083 m_126 m_135 m_179
s_002215,m_278 m_222 m_091 m_010 m_111
s_002216,m_119 m_092 m_179 m_224 m_062
s_002217,m_119 m_092 m_179 m_224 m_062
s_002220,m_119 m_092 m_179 m_224 m_062
s_002223,m_222 m_119 m_252 m_247 m_014
s_002224,m_092 m_284 m_224 m_174 m_163
s_002225,m_041 m_119 m_108 m_044 m_059
s_002226,m_193 m_192 m_237 m_153 m_055
s_002228,m_083 m_059 m_225 m_108 m_062
s_002229,m_119 m_092 m_179 m_224 m_062
s_002231,m_179 m_210 m_280 m_289 m_092
s_002234,m_119 m_092 m_179 m_224 m_062
s_002236,m_119 m_092 m_179 m_224 m_062
s_002237,m_119 m_092 m_291 m_041 m_282
s_002238,m_119 m_092 m_179 m_224 m_062
s_002241,m_211 m_222 m_179 m_204 m_140
s_002246,m_119 m_092 m_179 m_224 m_062
s_002247,m_119 m_092 m_179 m_224 m_062
s_002248,m_002 m_204 m_119 m_290 m_010
s_002250,m_119 m_092 m_179 m_224 m_062
s_002251,m_092 m_062 m_204 m_126 m_152
s_002252,m_179 m_204 m_254 m_105 m_055
s_002254,m_119 m_092 m_179 m_224 m_062
s_002256,m_119 m_210 m_179 m_204 m_287
s_002257,m_218 m_304 m_186 m_185 m_059
s_002258,m_225 m_005 m_022 m_091 m_015
s_002261,m_247 m_280 m_287 m_185 m_108
s_002262,m_179 m_280 m_289 m_083 m_278
s_002263,m_119 m_092 m_179 m_224 m_062
s_002265,m_119 m_092 m_179 m_224 m_062
s_002267,m_119 m_092 m_179 m_224 m_062
s_002268,m_108 m_041 m_119 m_139 m_076
s_002271,m_119 m_092 m_179 m_224 m_062
s_002272,m_193 m_163 m_026 m_237 m_278
s_002273,m_225 m_041 m_103 m_044 m_255
s_002274,m_179 m_278 m_232 m_204 m_280
s_002275,m_222 m_278 m_280 m_282 m_290
s_002276,m_225 m_005 m_022 m_163 m_318
s_002277,m_224 m_247 m_282 m_280 m_163
s_002278,m_119 m_092 m_179 m_224 m_062
s_002279,m_119 m_179 m_204 m_083 m_247
s_002281,m_092 m_280 m_035 m_278 m_289
s_002285,m_119 m_092 m_179 m_224 m_062
s_002286,m_119 m_092 m_179 m_224 m_062
s_002287,m_053 m_092 m_321 m_284 m_026
s_002290,m_002 m_053 m_092 m_010 m_282
s_002291,m_119 m_092 m_179 m_224 m_062
s_002296,m_108 m_092 m_126 m_163 m_005
s_002297,m_119 m_092 m_179 m_224 m_062
s_002298,m_255 m_119 m_282 m_092 m_280
s_002299,m_041 m_280 m_278 m_289 m_247
s_002300,m_119 m_092 m_179 m_224 m_062
s_002301,m_108 m_114 m_179 m_125 m_247
s_002302,m_282 m_280 m_210 m_224 m_289
s_002303,m_007 m_002 m_224 m_278 m_282
s_002305,m_119 m_092 m_179 m_224 m_062
s_002306,m_119 m_092 m_179 m_224 m_062
s_002309,m_119 m_092 m_179 m_224 m_062
s_002311,m_108 m_204 m_119 m_179 m_106
s_002312,m_119 m_092 m_179 m_224 m_062
s_002313,m_119 m_092 m_179 m_224 m_062
s_002314,m_179 m_210 m_204 m_062 m_287
s_002315,m_289 m_222 m_162 m_282 m_290
s_002317,m_163 m_105 m_053 m_179 m_204
s_002318,m_119 m_092 m_179 m_224 m_062
s_002320,m_119 m_092 m_179 m_224 m_062
s_002321,m_119 m_092 m_179 m_224 m_062
s_002324,m_119 m_179 m_204 m_270 m_210
s_002327,m_225 m_282 m_041 m_126 m_135
s_002328,m_119 m_092 m_179 m_224 m_062
s_002330,m_224 m_289 m_062 m_053 m_282
s_002332,m_041 m_179 m_010 m_105 m_119
s_002334,m_210 m_199 m_204 m_200 m_179
s_002335,m_083 m_092 m_282 m_053 m_062
s_002336,m_179 m_092 m_002 m_282 m_204
s_002343,m_119 m_092 m_179 m_224 m_062
s_002344,m_119 m_092 m_179 m_224 m_062
s_002345,m_253 m_093 m_317 m_227 m_079
s_002346,m_119 m_092 m_179 m_224 m_062
s_002347,m_119 m_092 m_179 m_224 m_062
s_002348,m_321 m_045 m_278 m_282 m_280
s_002349,m_210 m_126 m_106 m_204 m_252
s_002350,m_119 m_092 m_179 m_224 m_062
s_002352,m_119 m_092 m_179 m_224 m_062
s_002353,m_247 m_282 m_280 m_069 m_108
s_002354,m_053 m_092 m_015 m_222 m_010
s_002357,m_026 m_099 m_069 m_210 m_289
s_002358,m_321 m_092 m_045 m_162 m_111
s_002363,m_156 m_035 m_092 m_321 m_110
s_002365,m_119 m_287 m_225 m_282 m_179
s_002366,m_179 m_271 m_105 m_180 m_204
s_002367,m_204 m_179 m_126 m_135 m_271
s_002369,m_119 m_092 m_179 m_224 m_062
s_002370,m_045 m_321 m_093 m_225 m_092
s_002373,m_119 m_092 m_179 m_224 m_062
s_002375,m_119 m_092 m_179 m_224 m_062
s_002376,m_210 m_179 m_119 m_252 m_135
s_002377,m_296 m_245 m_193 m_289 m_237
s_002380,m_099 m_222 m_271 m_124 m_018
s_002384,m_180 m_252 m_232 m_254 m_204
s_002386,m_225 m_235 m_044 m_092 m_093
s_002387,m_245 m_092 m_083 m_282 m_284
s_002389,m_152 m_179 m_204 m_140 m_126
s_002390,m_255 m_044 m_234 m_282 m_222
s_002394,m_119 m_092 m_179 m_224 m_062
s_002397,m_119 m_092 m_179 m_224 m_062
s_002399,m_119 m_092 m_179 m_224 m_062
s_002400,m_157 m_155 m_015 m_105 m_291
s_002402,m_119 m_092 m_179 m_224 m_062
s_002403,m_015 m_002 m_224 m_005 m_252
s_002404,m_157 m_222 m_290 m_079 m_007
s_002405,m_135 m_245 m_282 m_179 m_247
s_002406,m_119 m_041 m_156 m_179 m_287
s_002408,m_154 m_135 m_152 m_179 m_204
s_002409,m_093 m_222 m_255 m_225 m_111
s_002411,m_210 m_119 m_204 m_179 m_252
s_002413,m_224 m_255 m_271 m_289 m_284
s_002414,m_079 m_204 m_179 m_210 m_235
s_002415,m_119 m_092 m_179 m_224 m_062
s_002416,m_119 m_126 m_135 m_105 m_083
s_002418,m_010 m_179 m_247 m_119 m_135
s_002420,m_119 m_092 m_179 m_224 m_062
s_002421,m_119 m_092 m_179 m_224 m_062
s_002422,m_119 m_092 m_179 m_224 m_062
s_002423,m_156 m_088 m_081 m_106 m_210
s_002424,m_179 m_092 m_119 m_204 m_247
s_002425,m_021 m_010 m_282 m_119 m_062
s_002426,m_321 m_282 m_289 m_225 m_252
s_002427,m_108 m_093 m_204 m_308 m_179
s_002428,m_119 m_092 m_179 m_224 m_062
s_002429,m_271 m_289 m_053 m_093 m_308
s_002431,m_184 m_045 m_282 m_053 m_280
s_002432,m_119 m_092 m_179 m_224 m_062
s_002434,m_015 m_091 m_005 m_022 m_099
s_002435,m_119 m_092 m_179 m_224 m_062
s_002438,m_119 m_092 m_179 m_224 m_062
s_002439,m_200 m_199 m_210 m_143 m_204
s_002440,m_119 m_092 m_179 m_224 m_062
s_002441,m_144 m_218 m_185 m_092 m_270
s_002443,m_093 m_083 m_247 m_235 m_108
s_002444,m_210 m_119 m_204 m_126 m_303
s_002445,m_119 m_092 m_179 m_224 m_062
s_002446,m_222 m_174 m_282 m_252 m_005
s_002447,m_224 m_179 m_289 m_287 m_135
s_002450,m_119 m_092 m_179 m_224 m_062
s_002452,m_119 m_092 m_179 m_224 m_062
s_002453,m_282 m_179 m_204 m_280 m_210
s_002454,m_119 m_092 m_179 m_224 m_062
s_002456,m_210 m_119 m_157 m_287 m_222
s_002457,m_225 m_255 m_143 m_062 m_105
s_002459,m_002 m_098 m_044 m_204 m_199
s_002461,m_119 m_092 m_179 m_224 m_062
s_002463,m_119 m_092 m_179 m_224 m_062
s_002465,m_021 m_119 m_010 m_035 m_252
s_002467,m_093 m_041 m_225 m_002 m_077
s_002469,m_119 m_092 m_179 m_224 m_062
s_002470,m_119 m_092 m_179 m_224 m_062
s_002473,m_119 m_092 m_179 m_224 m_062
s_002474,m_092 m_007 m_282 m_280 m_225
s_002475,m_119 m_092 m_179 m_224 m_062
s_002476,m_218 m_193 m_285 m_237 m_247
s_002477,m_119 m_092 m_179 m_224 m_062
s_002478,m_041 m_179 m_204 m_135 m_210
s_002481,m_152 m_092 m_204 m_179 m_210
s_002482,m_092 m_083 m_179 m_119 m_105
s_002484,m_119 m_092 m_179 m_224 m_062
s_002485,m_119 m_092 m_179 m_224 m_062
s_002486,m_119 m_092 m_179 m_224 m_062
s_002490,m_119 m_092 m_179 m_224 m_062
s_002491,m_010 m_280 m_281 m_108 m_125
s_002492,m_156 m_321 m_252 m_289 m_210
s_002495,m_225 m_119 m_092 m_252 m_281
s_002496,m_044 m_253 m_145 m_127 m_222
s_002497,m_119 m_092 m_179 m_224 m_062
s_002498,m_092 m_053 m_105 m_321 m_289
s_002499,m_005 m_022 m_305 m_125 m_179
s_002500,m_119 m_092 m_179 m_224 m_062
s_002502,m_225 m_093 m_092 m_127 m_321
s_002504,m_318 m_108 m_053 m_135 m_162
s_002505,m_179 m_232 m_247 m_204 m_065
s_002507,m_252 m_152 m_282 m_179 m_092
s_002508,m_093 m_308 m_002 m_193 m_179
s_002509,m_234 m_163 m_318 m_271 m_044
s_002510,m_053 m_045 m_108 m_093 m_321
s_002512,m_119 m_092 m_179 m_224 m_062
s_002513,m_265 m_154 m_140 m_076 m_186
s_002515,m_093 m_092 m_053 m_225 m_237
s_002516,m_119 m_092 m_179 m_224 m_062
s_002517,m_119 m_092 m_179 m_224 m_062
s_002518,m_155 m_157 m_227 m_156 m_291
s_002520,m_119 m_092 m_179 m_224 m_062
s_002521,m_007 m_321 m_015 m_002 m_079
s_002522,m_119 m_092 m_179 m_224 m_062
s_002524,m_092 m_026 m_053 m_282 m_225
s_002525,m_247 m_225 m_092 m_224 m_282
s_002526,m_007 m_053 m_321 m_222 m_024
s_002527,m_119 m_092 m_179 m_224 m_062
s_002530,m_007 m_053 m_140 m_035 m_092
s_002531,m_119 m_092 m_179 m_224 m_062
s_002532,m_224 m_284 m_193 m_282 m_289
s_002533,m_026 m_281 m_204 m_179 m_119
s_002534,m_193 m_237 m_247 m_065 m_119
s_002535,m_179 m_204 m_125 m_083 m_214
s_002536,m_119 m_092 m_179 m_224 m_062
s_002537,m_119 m_092 m_179 m_224 m_062
s_002538,m_204 m_119 m_179 m_211 m_210
s_002539,m_222 m_289 m_018 m_162 m_044
s_002540,m_222 m_015 m_053 m_045 m_091
s_002541,m_106 m_210 m_204 m_126 m_252
s_002542,m_119 m_092 m_179 m_224 m_062
s_002544,m_224 m_010 m_053 m_062 m_126
s_002545,m_119 m_092 m_179 m_224 m_062
s_002547,m_092 m_099 m_252 m_253 m_255
s_002550,m_065 m_092 m_083 m_255 m_002
s_002552,m_119 m_092 m_179 m_224 m_062
s_002553,m_041 m_108 m_321 m_105 m_287
s_002554,m_125 m_021 m_280 m_305 m_126
s_002555,m_119 m_092 m_179 m_224 m_062
s_002557,m_179 m_010 m_252 m_247 m_280
s_002558,m_247 m_282 m_010 m_092 m_135
s_002561,m_119 m_092 m_179 m_224 m_062
s_002563,m_210 m_204 m_180 m_062 m_119
s_002566,m_053 m_210 m_125 m_108 m_165
s_002567,m_144 m_285 m_211 m_185 m_218
s_002568,m_321 m_045 m_119 m_225 m_002
s_002569,m_119 m_092 m_179 m_224 m_062
s_002570,m_002 m_092 m_222 m_281 m_289
s_002571,m_225 m_210 m_199 m_140 m_200
s_002572,m_053 m_045 m_289 m_044 m_271
s_002573,m_119 m_092 m_179 m_224 m_062
s_002574,m_119 m_092 m_179 m_224 m_062
s_002575,m_119 m_092 m_179 m_224 m_062
s_002576,m_222 m_053 m_099 m_278 m_282
s_002577,m_318 m_163 m_044 m_162 m_271
s_002578,m_119 m_092 m_179 m_224 m_062
s_002580,m_289 m_224 m_092 m_225 m_284
s_002581,m_210 m_204 m_062 m_179 m_126
s_002583,m_224 m_010 m_247 m_278 m_174
s_002584,m_247 m_222 m_245 m_165 m_237
s_002585,m_119 m_092 m_179 m_224 m_062
s_002586,m_083 m_099 m_255 m_222 m_092
s_002587,m_021 m_119 m_126 m_204 m_281
s_002588,m_119 m_092 m_179 m_224 m_062
s_002589,m_318 m_252 m_163 m_018 m_119
s_002592,m_289 m_282 m_092 m_280 m_053
s_002593,m_225 m_179 m_010 m_126 m_247
s_002594,m_224 m_247 m_204 m_179 m_010
s_002595,m_007 m_225 m_305 m_247 m_092
s_002596,m_140 m_066 m_092 m_065 m_179
s_002597,m_119 m_224 m_222 m_266 m_265
s_002602,m_119 m_092 m_179 m_224 m_062
s_002606,m_119 m_092 m_179 m_224 m_062
s_002607,m_280 m_225 m_278 m_282 m_135
s_002608,m_092 m_059 m_093 m_026 m_225
s_002609,m_021 m_285 m_218 m_062 m_165
s_002611,m_119 m_092 m_179 m_224 m_062
s_002612,m_119 m_152 m_247 m_204 m_303
s_002613,m_035 m_156 m_110 m_224 m_321
s_002614,m_135 m_280 m_179 m_245 m_062
s_002615,m_225 m_305 m_289 m_010 m_126
s_002616,m_156 m_252 m_282 m_155 m_289
s_002617,m_204 m_210 m_211 m_179 m_254
s_002618,m_091 m_015 m_157 m_222 m_005
s_002619,m_119 m_092 m_179 m_224 m_062
s_002620,m_179 m_222 m_099 m_287 m_252
s_002621,m_222 m_099 m_053 m_045 m_018
s_002622,m_224 m_289 m_204 m_053 m_282
s_002623,m_289 m_152 m_135 m_140 m_179
s_002625,m_280 m_041 m_282 m_287 m_092
s_002626,m_108 m_308 m_053 m_271 m_077
s_002627,m_092 m_271 m_055 m_318 m_163
s_002628,m_119 m_092 m_179 m_224 m_062
s_002630,m_282 m_026 m_280 m_119 m_291
s_002631,m_119 m_106 m_140 m_179 m_247
s_002633,m_098 m_041 m_290 m_282 m_079
s_002634,m_225 m_026 m_255 m_232 m_041
s_002635,m_224 m_321 m_222 m_305 m_010
s_002636,m_099 m_184 m_321 m_111 m_092
s_002637,m_119 m_092 m_179 m_224 m_062
s_002640,m_222 m_119 m_005 m_010 m_022
s_002644,m_119 m_092 m_179 m_224 m_062
s_002645,m_287 m_222 m_307 m_010 m_282
s_002648,m_119 m_092 m_179 m_224 m_062
s_002649,m_245 m_254 m_126 m_105 m_204
s_002650,m_092 m_235 m_095 m_007 m_289
s_002651,m_007 m_289 m_156 m_321 m_290
s_002652,m_126 m_106 m_135 m_282 m_210
s_002654,m_119 m_092 m_179 m_224 m_062
s_002655,m_119 m_092 m_179 m_224 m_062
s_002657,m_083 m_282 m_280 m_222 m_278
s_002658,m_119 m_092 m_179 m_224 m_062
s_002659,m_179 m_119 m_282 m_247 m_281
s_002660,m_010 m_119 m_225 m_252 m_247
s_002661,m_007 m_045 m_156 m_321 m_184
s_002663,m_119 m_092 m_179 m_224 m_062
s_002664,m_119 m_092 m_179 m_224 m_062
s_002665,m_044 m_271 m_255 m_318 m_127
s_002666,m_119 m_092 m_179 m_224 m_062
s_002667,m_222 m_092 m_083 m_005 m_022
s_002670,m_044 m_222 m_290 m_029 m_163
s_002672,m_119 m_092 m_179 m_224 m_062
s_002673,m_222 m_227 m_179 m_180 m_252
s_002676,m_289 m_179 m_284 m_210 m_010
s_002678,m_119 m_092 m_179 m_224 m_062
s_002679,m_252 m_119 m_135 m_204 m_280
s_002680,m_163 m_318 m_053 m_271 m_162
s_002681,m_321 m_271 m_007 m_053 m_252
s_002682,m_119 m_092 m_179 m_224 m_062
s_002684,m_119 m_092 m_179 m_224 m_062
s_002686,m_108 m_155 m_140 m_227 m_291
s_002687,m_041 m_285 m_186 m_192 m_135
s_002688,m_179 m_154 m_041 m_204 m_232
s_002695,m_119 m_092 m_179 m_224 m_062
s_002697,m_119 m_092 m_179 m_224 m_062
s_002698,m_044 m_015 m_282 m_222 m_162
s_002699,m_179 m_210 m_204 m_119 m_126
s_002700,m_179 m_119 m_053 m_232 m_252
s_002701,m_119 m_092 m_179 m_224 m_062
s_002702,m_119 m_092 m_179 m_224 m_062
s_002703,m_247 m_210 m_119 m_126 m_204
s_002704,m_157 m_234 m_162 m_282 m_010
s_002707,m_245 m_021 m_224 m_119 m_289
s_002712,m_119 m_092 m_179 m_224 m_062
s_002713,m_092 m_162 m_053 m_111 m_119
s_002714,m_271 m_044 m_163 m_105 m_318
s_002715,m_053 m_235 m_002 m_225 m_044
s_002716,m_163 m_184 m_321 m_271 m_318
s_002717,m_119 m_092 m_179 m_224 m_062
s_002719,m_271 m_179 m_126 m_010 m_163
s_002722,m_179 m_143 m_180 m_247 m_204
s_002723,m_119 m_092 m_179 m_224 m_062
s_002725,m_119 m_092 m_179 m_224 m_062
s_002727,m_099 m_222 m_184 m_321 m_053
s_002728,m_035 m_066 m_289 m_110 m_010
s_002730,m_225 m_026 m_282 m_093 m_053
s_002734,m_289 m_126 m_318 m_271 m_247
s_002736,m_179 m_247 m_289 m_204 m_282
s_002737,m_119 m_232 m_287 m_204 m_179
s_002739,m_002 m_026 m_091 m_015 m_235
s_002744,m_119 m_092 m_179 m_224 m_062
s_002745,m_119 m_092 m_179 m_224 m_062
s_002746,m_204 m_224 m_179 m_140 m_281
s_002747,m_289 m_210 m_092 m_204 m_282
s_002748,m_252 m_235 m_278 m_162 m_280
s_002749,m_140 m_247 m_110 m_119 m_179
s_002750,m_280 m_007 m_156 m_282 m_321
s_002751,m_307 m_111 m_271 m_010 m_018
s_002753,m_254 m_225 m_204 m_271 m_105
s_002754,m_119 m_092 m_179 m_224 m_062
s_002755,m_119 m_179 m_278 m_247 m_163
s_002759,m_119 m_092 m_179 m_224 m_062
s_002761,m_119 m_092 m_179 m_224 m_062
s_002762,m_119 m_092 m_179 m_224 m_062
s_002765,m_156 m_110 m_092 m_066 m_289
s_002767,m_119 m_092 m_179 m_224 m_062
s_002771,m_119 m_092 m_179 m_224 m_062
s_002775,m_224 m_010 m_284 m_035 m_247
s_002777,m_179 m_204 m_156 m_035 m_092
s_002782,m_119 m_092 m_179 m_224 m_062
s_002783,m_007 m_270 m_186 m_185 m_304
s_002784,m_092 m_002 m_289 m_163 m_271
s_002787,m_210 m_135 m_156 m_179 m_287
s_002790,m_282 m_092 m_119 m_224 m_010
s_002791,m_119 m_092 m_179 m_224 m_062
s_002793,m_235 m_092 m_280 m_026 m_252
s_002795,m_119 m_092 m_179 m_224 m_062
s_002797,m_155 m_224 m_119 m_152 m_105
s_002803,m_119 m_092 m_179 m_224 m_062
s_002804,m_119 m_092 m_179 m_224 m_062
s_002806,m_119 m_092 m_179 m_224 m_062
s_002807,m_179 m_125 m_204 m_200 m_126
s_002809,m_280 m_092 m_010 m_282 m_278
s_002811,m_252 m_204 m_254 m_282 m_289
s_002812,m_083 m_153 m_291 m_282 m_069
s_002814,m_119 m_092 m_179 m_224 m_062
s_002817,m_053 m_044 m_126 m_222 m_005
s_002818,m_119 m_092 m_179 m_224 m_062
s_002821,m_119 m_092 m_179 m_224 m_062
s_002823,m_247 m_026 m_044 m_271 m_225
s_002824,m_119 m_092 m_179 m_224 m_062
s_002828,m_119 m_092 m_179 m_224 m_062
s_002829,m_053 m_015 m_222 m_007 m_079
s_002830,m_289 m_119 m_225 m_287 m_247
s_002831,m_053 m_184 m_280 m_305 m_289
s_002832,m_119 m_092 m_179 m_224 m_062
s_002833,m_092 m_321 m_179 m_290 m_289
s_002837,m_224 m_179 m_119 m_092 m_284
s_002838,m_222 m_225 m_010 m_278 m_162
s_002839,m_042 m_065 m_062 m_106 m_044
s_002840,m_015 m_007 m_005 m_022 m_247
s_002845,m_282 m_287 m_083 m_289 m_140
s_002846,m_053 m_204 m_119 m_210 m_140
s_002849,m_108 m_210 m_092 m_165 m_185
s_002850,m_119 m_092 m_179 m_224 m_062
s_002851,m_210 m_108 m_026 m_179 m_291
s_002852,m_119 m_092 m_179 m_224 m_062
s_002854,m_210 m_156 m_282 m_280 m_179
s_002855,m_156 m_110 m_035 m_289 m_092
s_002856,m_224 m_179 m_289 m_222 m_053
s_002858,m_179 m_210 m_289 m_204 m_252
s_002860,m_252 m_179 m_222 m_224 m_210
s_002865,m_099 m_252 m_180 m_199 m_200
s_002867,m_108 m_225 m_282 m_044 m_126
s_002869,m_119 m_092 m_179 m_224 m_062
s_002870,m_119 m_092 m_179 m_224 m_062
s_002871,m_119 m_092 m_179 m_224 m_062
s_002872,m_179 m_092 m_152 m_204 m_135
s_002873,m_119 m_092 m_179 m_224 m_062
s_002874,m_093 m_062 m_041 m_092 m_108
s_002875,m_092 m_289 m_210 m_321 m_282
s_002876,m_225 m_305 m_124 m_165 m_163
s_002877,m_119 m_092 m_179 m_224 m_062
s_002878,m_211 m_172 m_285 m_165 m_249
s_002879,m_041 m_026 m_179 m_092 m_163
s_002880,m_119 m_092 m_179 m_224 m_062
s_002881,m_119 m_092 m_179 m_224 m_062
s_002882,m_092 m_041 m_305 m_282 m_105
s_002884,m_119 m_092 m_179 m_224 m_062
s_002885,m_271 m_044 m_124 m_029 m_222
s_002886,m_108 m_210 m_225 m_204 m_135
s_002888,m_045 m_156 m_321 m_053 m_210
s_002890,m_278 m_282 m_305 m_280 m_010
s_002891,m_156 m_066 m_225 m_305 m_110
s_002893,m_218 m_144 m_185 m_186 m_270
s_002895,m_179 m_247 m_289 m_287 m_282
s_002897,m_210 m_179 m_204 m_135 m_180
s_002900,m_119 m_092 m_179 m_224 m_062
s_002901,m_119 m_135 m_289 m_092 m_126
s_002902,m_282 m_278 m_002 m_280 m_305
s_002904,m_119 m_092 m_179 m_224 m_062
s_002906,m_041 m_281 m_135 m_282 m_280
s_002908,m_119 m_092 m_179 m_224 m_062
s_002909,m_135 m_210 m_185 m_186 m_179
s_002911,m_289 m_007 m_284 m_282 m_083
s_002912,m_092 m_289 m_278 m_235 m_225
s_002913,m_224 m_002 m_225 m_255 m_010
s_002914,m_193 m_237 m_204 m_119 m_258
s_002915,m_211 m_289 m_092 m_252 m_125
s_002916,m_119 m_092 m_179 m_224 m_062
s_002917,m_119 m_280 m_053 m_282 m_278
s_002918,m_179 m_282 m_280 m_204 m_010
s_002919,m_179 m_222 m_245 m_247 m_219
s_002920,m_155 m_092 m_247 m_204 m_210
s_002922,m_119 m_092 m_179 m_224 m_062
s_002925,m_225 m_282 m_278 m_204 m_289
s_002926,m_108 m_135 m_224 m_247 m_139
s_002927,m_135 m_289 m_204 m_210 m_280
s_002928,m_179 m_247 m_110 m_284 m_119
s_002929,m_092 m_321 m_278 m_280 m_282
s_002931,m_179 m_126 m_289 m_271 m_135
s_002932,m_041 m_108 m_225 m_053 m_119
s_002933,m_092 m_222 m_258 m_282 m_179
s_002935,m_119 m_092 m_179 m_224 m_062
s_002936,m_119 m_092 m_179 m_224 m_062
s_002937,m_185 m_186 m_144 m_270 m_218
s_002939,m_224 m_179 m_163 m_282 m_247
s_002940,m_152 m_179 m_287 m_252 m_200
s_002941,m_156 m_289 m_222 m_015 m_035
s_002942,m_126 m_222 m_210 m_289 m_163
s_002943,m_152 m_225 m_287 m_092 m_179
s_002945,m_119 m_092 m_179 m_224 m_062
s_002946,m_002 m_287 m_105 m_280 m_179
s_002947,m_066 m_059 m_062 m_156 m_041
s_002948,m_119 m_092 m_179 m_224 m_062
s_002949,m_021 m_083 m_271 m_163 m_124
s_002951,m_280 m_278 m_224 m_010 m_237
s_002952,m_119 m_092 m_179 m_224 m_062
s_002953,m_092 m_053 m_065 m_066 m_062
s_002954,m_119 m_092 m_179 m_224 m_062
s_002955,m_015 m_092 m_222 m_055 m_106
s_002956,m_119 m_092 m_179 m_224 m_062
s_002958,m_179 m_065 m_204 m_002 m_225
s_002959,m_119 m_092 m_179 m_224 m_062
s_002960,m_119 m_092 m_179 m_224 m_062
s_002961,m_210 m_179 m_280 m_135 m_289
s_002964,m_119 m_092 m_179 m_224 m_062
s_002965,m_095 m_293 m_290 m_157 m_227
s_002966,m_156 m_110 m_035 m_282 m_222
s_002967,m_222 m_092 m_255 m_018 m_099
s_002969,m_119 m_092 m_179 m_224 m_062
s_002972,m_015 m_005 m_022 m_091 m_099
s_002973,m_254 m_125 m_179 m_252 m_287
s_002974,m_119 m_092 m_179 m_224 m_062
s_002975,m_210 m_092 m_180 m_179 m_227
s_002977,m_224 m_222 m_174 m_055 m_282
s_002979,m_041 m_179 m_281 m_110 m_289
s_002980,m_114 m_041 m_210 m_179 m_141
s_002981,m_211 m_179 m_270 m_204 m_289
s_002982,m_224 m_083 m_204 m_062 m_247
s_002983,m_119 m_092 m_179 m_224 m_062
s_002985,m_119 m_092 m_179 m_224 m_062
s_002986,m_119 m_092 m_179 m_224 m_062
s_002991,m_225 m_289 m_282 m_284 m_092
s_002992,m_041 m_321 m_105 m_099 m_222
s_002993,m_119 m_092 m_179 m_224 m_062
s_002995,m_106 m_041 m_126 m_135 m_010
s_002997,m_119 m_092 m_179 m_224 m_062
s_002998,m_119 m_092 m_179 m_224 m_062
s_002999,m_119 m_092 m_179 m_224 m_062
s_003002,m_282 m_110 m_135 m_010 m_280
s_003004,m_218 m_144 m_185 m_059 m_270
s_003005,m_211 m_044 m_165 m_318 m_172
s_003007,m_282 m_163 m_271 m_280 m_053
s_003010,m_119 m_092 m_179 m_224 m_062
s_003013,m_156 m_155 m_093 m_193 m_237
s_003014,m_224 m_222 m_247 m_024 m_179
s_003015,m_204 m_066 m_179 m_192 m_210
s_003017,m_119 m_092 m_179 m_224 m_062
s_003018,m_119 m_092 m_179 m_224 m_062
s_003019,m_108 m_179 m_092 m_235 m_225
s_003020,m_119 m_092 m_179 m_224 m_062
s_003021,m_035 m_287 m_105 m_289 m_321
s_003022,m_225 m_321 m_045 m_093 m_184
s_003023,m_184 m_002 m_053 m_280 m_278
s_003026,m_224 m_287 m_185 m_301 m_053
s_003027,m_247 m_092 m_282 m_135 m_010
s_003028,m_225 m_108 m_278 m_126 m_280
s_003029,m_079 m_041 m_235 m_284 m_091
s_003030,m_119 m_092 m_179 m_224 m_062
s_003031,m_015 m_222 m_044 m_099 m_018
s_003033,m_015 m_010 m_117 m_280 m_005
s_003036,m_110 m_092 m_289 m_291 m_321
s_003037,m_280 m_278 m_282 m_162 m_135
s_003039,m_155 m_154 m_069 m_180 m_291
s_003041,m_119 m_092 m_179 m_224 m_062
s_003043,m_119 m_092 m_179 m_224 m_062
s_003044,m_119 m_125 m_179 m_062 m_152
s_003046,m_289 m_254 m_119 m_110 m_156
s_003048,m_119 m_092 m_179 m_224 m_062
s_003049,m_119 m_092 m_179 m_224 m_062
s_003050,m_119 m_092 m_179 m_224 m_062
s_003051,m_280 m_278 m_010 m_282 m_007
s_003052,m_119 m_092 m_179 m_224 m_062
s_003053,m_119 m_252 m_135 m_247 m_179
s_003055,m_225 m_015 m_282 m_163 m_005
s_003056,m_225 m_308 m_093 m_193 m_053
s_003058,m_287 m_126 m_252 m_307 m_179
s_003060,m_318 m_222 m_225 m_163 m_179
s_003063,m_179 m_224 m_002 m_026 m_282
s_003064,m_204 m_252 m_179 m_119 m_281
s_003065,m_119 m_092 m_179 m_224 m_062
s_003067,m_179 m_065 m_225 m_204 m_002
s_003068,m_119 m_092 m_179 m_224 m_062
s_003070,m_099 m_018 m_179 m_135 m_154
s_003071,m_247 m_069 m_282 m_041 m_083
s_003072,m_179 m_282 m_280 m_204 m_083
s_003074,m_119 m_092 m_179 m_224 m_062
s_003078,m_119 m_092 m_179 m_224 m_062
s_003079,m_119 m_092 m_179 m_224 m_062
s_003080,m_119 m_092 m_179 m_224 m_062
s_003081,m_053 m_321 m_210 m_179 m_045
s_003082,m_289 m_066 m_092 m_106 m_282
s_003083,m_265 m_210 m_082 m_179 m_135
s_003084,m_041 m_210 m_026 m_255 m_092
s_003085,m_119 m_092 m_179 m_224 m_062
s_003086,m_108 m_218 m_192 m_289 m_055
s_003087,m_119 m_092 m_179 m_224 m_062
s_003090,m_045 m_289 m_282 m_184 m_321
s_003091,m_106 m_280 m_155 m_287 m_179
s_003093,m_119 m_092 m_179 m_224 m_062
s_003094,m_119 m_092 m_179 m_224 m_062
s_003095,m_119 m_092 m_179 m_224 m_062
s_003096,m_280 m_225 m_179 m_007 m_289
s_003098,m_255 m_119 m_005 m_026 m_022
s_003101,m_119 m_092 m_179 m_224 m_062
s_003104,m_119 m_092 m_179 m_224 m_062
s_003109,m_119 m_083 m_224 m_092 m_066
s_003110,m_119 m_092 m_179 m_224 m_062
s_003111,m_210 m_152 m_225 m_179 m_007
s_003112,m_245 m_081 m_237 m_193 m_290
s_003113,m_053 m_222 m_091 m_015 m_184
s_003114,m_103 m_092 m_284 m_271 m_252
s_003115,m_119 m_092 m_179 m_224 m_062
s_003116,m_119 m_092 m_179 m_224 m_062
s_003117,m_119 m_092 m_179 m_224 m_062
s_003118,m_092 m_002 m_108 m_010 m_026
s_003119,m_289 m_282 m_247 m_010 m_135
s_003121,m_282 m_247 m_287 m_289 m_224
s_003124,m_119 m_092 m_179 m_224 m_062
s_003125,m_225 m_053 m_280 m_092 m_026
s_003126,m_059 m_155 m_224 m_284 m_289
s_003129,m_225 m_103 m_235 m_227 m_155
s_003131,m_247 m_135 m_179 m_021 m_210
s_003132,m_222 m_007 m_002 m_099 m_045
s_003133,m_225 m_282 m_253 m_252 m_053
s_003134,m_099 m_026 m_143 m_041 m_179
s_003136,m_179 m_282 m_204 m_280 m_247
s_003137,m_092 m_271 m_163 m_053 m_225
s_003140,m_108 m_224 m_119 m_204 m_155
s_003141,m_119 m_092 m_179 m_224 m_062
s_003146,m_280 m_245 m_247 m_282 m_024
s_003147,m_119 m_092 m_179 m_224 m_062
s_003149,m_282 m_280 m_225 m_179 m_092
s_003150,m_119 m_092 m_179 m_224 m_062
s_003151,m_318 m_035 m_179 m_271 m_289
s_003152,m_222 m_280 m_287 m_307 m_010
s_003153,m_224 m_156 m_321 m_284 m_092
s_003154,m_126 m_119 m_010 m_135 m_307
s_003155,m_119 m_092 m_179 m_224 m_062
s_003156,m_119 m_092 m_179 m_224 m_062
s_003158,m_119 m_092 m_179 m_224 m_062
s_003159,m_092 m_119 m_224 m_053 m_179
s_003161,m_119 m_092 m_179 m_224 m_062
s_003162,m_179 m_210 m_126 m_135 m_180
s_003163,m_053 m_184 m_282 m_271 m_321
s_003164,m_015 m_091 m_079 m_222 m_193
s_003166,m_210 m_179 m_119 m_204 m_092
s_003167,m_007 m_280 m_237 m_210 m_055
s_003168,m_247 m_282 m_126 m_281 m_143
s_003170,m_119 m_092 m_179 m_224 m_062
s_003171,m_119 m_092 m_179 m_224 m_062
s_003175,m_119 m_092 m_179 m_224 m_062
s_003176,m_119 m_092 m_179 m_224 m_062
s_003177,m_083 m_289 m_179 m_282 m_053
s_003178,m_179 m_193 m_237 m_124 m_018
s_003179,m_225 m_252 m_247 m_135 m_235
s_003180,m_224 m_222 m_282 m_007 m_053
s_003181,m_092 m_065 m_245 m_255 m_225
s_003182,m_092 m_053 m_139 m_282 m_119
s_003185,m_119 m_092 m_179 m_224 m_062
s_003186,m_108 m_282 m_289 m_287 m_083
s_003189,m_318 m_179 m_108 m_225 m_099
s_003191,m_119 m_092 m_179 m_224 m_062
s_003193,m_119 m_092 m_179 m_224 m_062
s_003195,m_225 m_179 m_041 m_287 m_125
s_003196,m_282 m_285 m_278 m_280 m_099
s_003198,m_108 m_308 m_041 m_093 m_225
s_003199,m_210 m_179 m_204 m_007 m_119
s_003201,m_224 m_289 m_305 m_083 m_282
s_003204,m_119 m_204 m_289 m_280 m_303
s_003205,m_083 m_066 m_065 m_010 m_247
s_003206,m_021 m_222 m_092 m_119 m_280
s_003207,m_204 m_179 m_282 m_211 m_280
s_003208,m_119 m_092 m_179 m_224 m_062
s_003209,m_225 m_041 m_252 m_135 m_280
s_003213,m_079 m_092 m_174 m_066 m_110
s_003214,m_225 m_305 m_092 m_174 m_005
s_003215,m_119 m_092 m_179 m_224 m_062
s_003216,m_035 m_252 m_007 m_179 m_185
s_003217,m_119 m_092 m_179 m_224 m_062
s_003218,m_224 m_247 m_282 m_280 m_179
s_003220,m_106 m_154 m_155 m_179 m_041
s_003221,m_010 m_222 m_247 m_255 m_162
s_003223,m_119 m_092 m_179 m_224 m_062
s_003224,m_119 m_092 m_179 m_224 m_062
s_003225,m_092 m_252 m_053 m_026 m_289
s_003226,m_282 m_225 m_289 m_093 m_163
s_003227,m_066 m_179 m_062 m_193 m_237
s_003228,m_092 m_041 m_053 m_210 m_179
s_003229,m_108 m_179 m_002 m_282 m_247
s_003232,m_282 m_041 m_010 m_092 m_280
s_003237,m_180 m_204 m_135 m_210 m_143
s_003238,m_021 m_010 m_083 m_119 m_282
s_003239,m_053 m_163 m_318 m_005 m_199
s_003241,m_119 m_092 m_179 m_224 m_062
s_003242,m_210 m_204 m_092 m_105 m_053
s_003244,m_007 m_222 m_225 m_284 m_010
s_003247,m_119 m_092 m_179 m_224 m_062
s_003249,m_222 m_022 m_005 m_092 m_321
s_003251,m_119 m_092 m_179 m_224 m_062
s_003252,m_099 m_044 m_253 m_307 m_018
s_003253,m_119 m_092 m_179 m_224 m_062
s_003254,m_225 m_135 m_204 m_210 m_106
s_003255,m_119 m_099 m_291 m_252 m_018
s_003256,m_179 m_211 m_204 m_214 m_083
s_003257,m_152 m_156 m_179 m_180 m_204
s_003258,m_066 m_083 m_119 m_224 m_069
s_003259,m_280 m_282 m_232 m_154 m_252
s_003260,m_119 m_092 m_179 m_224 m_062
s_003263,m_155 m_092 m_105 m_083 m_303
s_003265,m_119 m_092 m_179 m_224 m_062
s_003266,m_156 m_321 m_245 m_045 m_163
s_003268,m_119 m_092 m_179 m_224 m_062
s_003269,m_119 m_092 m_179 m_224 m_062
s_003270,m_247 m_271 m_135 m_179 m_282
s_003271,m_119 m_092 m_179 m_224 m_062
s_003272,m_119 m_092 m_179 m_224 m_062
s_003273,m_154 m_252 m_147 m_179 m_192
s_003274,m_108 m_119 m_083 m_015 m_026
s_003275,m_224 m_321 m_007 m_305 m_157
s_003277,m_282 m_278 m_010 m_287 m_280
s_003279,m_099 m_255 m_294 m_018 m_222
s_003280,m_222 m_092 m_179 m_015 m_224
s_003281,m_119 m_092 m_179 m_224 m_062
s_003282,m_282 m_289 m_281 m_254 m_247
s_003283,m_119 m_092 m_179 m_224 m_062
s_003284,m_119 m_092 m_179 m_224 m_062
s_003285,m_119 m_092 m_179 m_224 m_062
s_003286,m_234 m_271 m_124 m_099 m_163
s_003288,m_119 m_179 m_224 m_210 m_126
s_003289,m_119 m_210 m_083 m_053 m_265
s_003292,m_119 m_252 m_255 m_204 m_210
s_003293,m_119 m_108 m_180 m_232 m_204
s_003294,m_066 m_179 m_110 m_204 m_289
s_003295,m_092 m_117 m_222 m_289 m_321
s_003296,m_235 m_007 m_225 m_079 m_092
s_003297,m_222 m_278 m_092 m_280 m_143
s_003300,m_224 m_092 m_007 m_282 m_179
s_003301,m_289 m_252 m_125 m_247 m_204
s_003303,m_282 m_280 m_010 m_289 m_284
s_003304,m_007 m_092 m_179 m_237 m_204
s_003307,m_321 m_045 m_092 m_119 m_280
s_003308,m_092 m_026 m_321 m_282 m_045
s_003310,m_066 m_156 m_124 m_289 m_179
s_003312,m_119 m_092 m_179 m_224 m_062
s_003313,m_065 m_265 m_252 m_255 m_069
s_003314,m_271 m_318 m_162 m_124 m_111
s_003315,m_280 m_225 m_135 m_278 m_010
s_003319,m_254 m_179 m_307 m_290 m_092
s_003320,m_045 m_294 m_018 m_162 m_321
s_003321,m_119 m_092 m_179 m_224 m_062
s_003322,m_053 m_091 m_290 m_253 m_222
s_003323,m_289 m_045 m_321 m_278 m_163
s_003326,m_119 m_092 m_179 m_224 m_062
s_003327,m_119 m_092 m_179 m_224 m_062
s_003328,m_119 m_092 m_179 m_224 m_062
s_003330,m_222 m_099 m_252 m_163 m_018
s_003331,m_119 m_285 m_281 m_165 m_265
s_003332,m_119 m_092 m_179 m_224 m_062
s_003334,m_119 m_092 m_179 m_224 m_062
s_003335,m_119 m_092 m_179 m_224 m_062
s_003337,m_235 m_280 m_252 m_041 m_092
s_003340,m_103 m_235 m_093 m_035 m_108
s_003342,m_119 m_092 m_179 m_224 m_062
s_003343,m_106 m_287 m_210 m_282 m_126
s_003345,m_108 m_156 m_254 m_062 m_265
s_003346,m_059 m_218 m_144 m_221 m_062
s_003347,m_119 m_092 m_179 m_224 m_062
s_003348,m_155 m_135 m_099 m_010 m_222
s_003349,m_218 m_108 m_185 m_179 m_135
s_003351,m_108 m_224 m_174 m_210 m_053
s_003354,m_119 m_092 m_179 m_224 m_062
s_003355,m_119 m_092 m_179 m_224 m_062
s_003356,m_179 m_154 m_041 m_204 m_232
s_003357,m_126 m_179 m_225 m_204 m_252
s_003358,m_210 m_179 m_108 m_222 m_119
s_003359,m_077 m_093 m_053 m_108 m_308
s_003360,m_225 m_140 m_290 m_053 m_179
s_003361,m_225 m_026 m_235 m_092 m_280
s_003362,m_224 m_247 m_119 m_021 m_282
s_003363,m_245 m_224 m_247 m_282 m_237
s_003364,m_163 m_318 m_222 m_124 m_162
s_003366,m_062 m_065 m_265 m_066 m_083
s_003367,m_099 m_119 m_062 m_222 m_005
s_003368,m_210 m_204 m_211 m_252 m_126
s_003369,m_092 m_204 m_281 m_210 m_002
s_003371,m_119 m_092 m_179 m_224 m_062
s_003372,m_204 m_041 m_092 m_135 m_126
s_003374,m_271 m_010 m_066 m_222 m_092
s_003375,m_069 m_092 m_059 m_055 m_119
s_003376,m_247 m_281 m_021 m_179 m_152
s_003380,m_092 m_289 m_210 m_321 m_282
s_003383,m_224 m_304 m_270 m_266 m_144
s_003385,m_119 m_289 m_225 m_179 m_204
s_003387,m_225 m_224 m_222 m_163 m_099
s_003388,m_224 m_289 m_252 m_254 m_179
s_003389,m_093 m_225 m_152 m_092 m_271
s_003390,m_119 m_092 m_179 m_224 m_062
s_003391,m_204 m_135 m_152 m_254 m_210
s_003392,m_156 m_119 m_179 m_224 m_092
s_003397,m_119 m_092 m_179 m_224 m_062
s_003398,m_193 m_237 m_053 m_135 m_179
s_003399,m_271 m_318 m_222 m_045 m_163
s_003402,m_156 m_289 m_204 m_210 m_179
s_003404,m_092 m_179 m_026 m_222 m_282
s_003408,m_222 m_002 m_018 m_162 m_318
s_003409,m_002 m_045 m_062 m_111 m_162
s_003411,m_092 m_007 m_083 m_210 m_282
s_003412,m_119 m_092 m_179 m_224 m_062
s_003414,m_119 m_092 m_179 m_224 m_062
s_003415,m_119 m_092 m_179 m_224 m_062
s_003417,m_218 m_180 m_245 m_179 m_014
s_003418,m_135 m_210 m_126 m_204 m_179
s_003419,m_225 m_289 m_092 m_179 m_053
s_003420,m_289 m_252 m_163 m_282 m_099
s_003421,m_119 m_092 m_179 m_224 m_062
s_003422,m_135 m_179 m_126 m_280 m_010
s_003425,m_005 m_222 m_026 m_022 m_271
s_003426,m_119 m_092 m_179 m_224 m_062
s_003427,m_224 m_289 m_119 m_282 m_284
s_003428,m_211 m_204 m_119 m_285 m_281
s_003430,m_280 m_282 m_053 m_179 m_252
s_003432,m_045 m_119 m_321 m_222 m_092
s_003435,m_252 m_204 m_180 m_210 m_287
s_003437,m_119 m_092 m_179 m_224 m_062
s_003438,m_204 m_179 m_225 m_035 m_119
s_003440,m_119 m_092 m_179 m_224 m_062
s_003441,m_119 m_010 m_002 m_092 m_059
s_003442,m_280 m_035 m_321 m_010 m_179
s_003443,m_119 m_092 m_179 m_224 m_062
s_003444,m_119 m_092 m_179 m_224 m_062
s_003446,m_225 m_222 m_278 m_010 m_055
s_003448,m_282 m_280 m_278 m_010 m_224
s_003449,m_179 m_125 m_289 m_135 m_119
s_003452,m_225 m_119 m_321 m_007 m_135
s_003455,m_289 m_225 m_092 m_282 m_252
s_003456,m_255 m_093 m_119 m_225 m_235
s_003457,m_204 m_126 m_252 m_152 m_210
s_003458,m_119 m_092 m_179 m_224 m_062
s_003459,m_156 m_066 m_225 m_305 m_110
s_003460,m_092 m_083 m_185 m_186 m_252
s_003464,m_015 m_222 m_005 m_022 m_224
s_003465,m_119 m_092 m_179 m_224 m_062
s_003466,m_119 m_062 m_083 m_204 m_092
s_003468,m_119 m_092 m_179 m_224 m_062
s_003471,m_119 m_092 m_282 m_041 m_108
s_003472,m_119 m_092 m_179 m_224 m_062
s_003474,m_318 m_222 m_200 m_174 m_199
s_003475,m_119 m_092 m_179 m_224 m_062
s_003478,m_119 m_092 m_179 m_224 m_062
s_003479,m_108 m_125 m_105 m_179 m_204
s_003480,m_119 m_092 m_179 m_224 m_062
s_003481,m_110 m_108 m_035 m_321 m_308
s_003482,m_108 m_041 m_282 m_119 m_155
s_003484,m_224 m_021 m_010 m_282 m_307
s_003485,m_282 m_126 m_225 m_280 m_010
s_003486,m_119 m_010 m_289 m_035 m_280
s_003487,m_225 m_015 m_235 m_091 m_222
s_003488,m_225 m_252 m_204 m_210 m_308
s_003489,m_119 m_092 m_179 m_224 m_062
s_003490,m_021 m_108 m_092 m_059 m_165
s_003491,m_066 m_155 m_062 m_154 m_076
s_003493,m_282 m_010 m_278 m_305 m_092
s_003494,m_156 m_041 m_278 m_110 m_284
s_003495,m_010 m_210 m_278 m_119 m_289
s_003496,m_152 m_135 m_179 m_280 m_210
s_003498,m_105 m_290 m_282 m_252 m_210
s_003499,m_119 m_092 m_179 m_224 m_062
s_003502,m_119 m_092 m_179 m_224 m_062
s_003503,m_225 m_204 m_156 m_035 m_053
s_003504,m_092 m_289 m_179 m_119 m_224
s_003507,m_280 m_119 m_289 m_179 m_278
s_003510,m_119 m_092 m_179 m_224 m_062
s_003511,m_119 m_092 m_179 m_224 m_062
s_003512,m_119 m_092 m_179 m_224 m_062
s_003513,m_119 m_092 m_179 m_224 m_062
s_003514,m_135 m_278 m_280 m_108 m_179
s_003515,m_119 m_092 m_179 m_224 m_062
s_003516,m_021 m_289 m_010 m_179 m_110
s_003517,m_119 m_092 m_179 m_224 m_062
s_003519,m_225 m_204 m_041 m_280 m_179
s_003520,m_210 m_126 m_222 m_287 m_204
s_003521,m_119 m_092 m_179 m_224 m_062
s_003524,m_119 m_092 m_179 m_224 m_062
s_003525,m_108 m_225 m_192 m_055 m_077
s_003526,m_210 m_062 m_222 m_119 m_280
s_003527,m_119 m_092 m_179 m_224 m_062
s_003528,m_119 m_092 m_179 m_224 m_062
s_003530,m_224 m_179 m_318 m_163 m_281
s_003531,m_119 m_092 m_179 m_224 m_062
s_003532,m_119 m_092 m_179 m_224 m_062
s_003533,m_119 m_092 m_179 m_224 m_062
s_003534,m_041 m_225 m_026 m_163 m_105
s_003535,m_152 m_245 m_076 m_179 m_104
s_003537,m_210 m_204 m_211 m_125 m_180
s_003538,m_119 m_092 m_179 m_224 m_062
s_003539,m_092 m_002 m_026 m_179 m_083
s_003540,m_179 m_204 m_265 m_210 m_119
s_003541,m_119 m_092 m_179 m_224 m_062
s_003542,m_119 m_092 m_225 m_224 m_271
s_003543,m_225 m_124 m_290 m_305 m_289
s_003544,m_119 m_092 m_179 m_224 m_062
s_003547,m_044 m_007 m_255 m_225 m_140
s_003549,m_156 m_321 m_254 m_111 m_289
s_003550,m_225 m_007 m_184 m_235 m_092
s_003551,m_271 m_179 m_119 m_105 m_252
s_003553,m_245 m_321 m_290 m_076 m_062
s_003557,m_119 m_092 m_179 m_224 m_062
s_003558,m_222 m_010 m_099 m_163 m_247
s_003562,m_245 m_103 m_156 m_105 m_280
s_003563,m_106 m_059 m_092 m_062 m_179
s_003564,m_247 m_021 m_179 m_105 m_237
s_003571,m_119 m_092 m_179 m_224 m_062
s_003572,m_119 m_092 m_179 m_224 m_062
s_003574,m_119 m_092 m_179 m_224 m_062
s_003576,m_179 m_104 m_103 m_140 m_152
s_003577,m_210 m_053 m_045 m_278 m_321
s_003578,m_321 m_053 m_157 m_002 m_092
s_003580,m_204 m_211 m_179 m_287 m_210
s_003582,m_222 m_271 m_015 m_124 m_005
s_003584,m_179 m_204 m_224 m_211 m_135
s_003587,m_119 m_092 m_179 m_224 m_062
s_003588,m_225 m_083 m_282 m_252 m_280
s_003590,m_218 m_153 m_069 m_185 m_247
s_003594,m_321 m_237 m_069 m_174 m_231
s_003596,m_119 m_092 m_179 m_224 m_062
s_003598,m_234 m_307 m_105 m_044 m_053
s_003600,m_021 m_108 m_079 m_092 m_066
s_003601,m_185 m_106 m_218 m_135 m_271
s_003602,m_247 m_140 m_092 m_119 m_237
s_003603,m_179 m_135 m_236 m_252 m_210
s_003604,m_179 m_099 m_210 m_204 m_318
s_003605,m_062 m_179 m_119 m_265 m_232
s_003608,m_099 m_237 m_015 m_018 m_098
s_003609,m_092 m_252 m_290 m_253 m_289
s_003611,m_059 m_041 m_321 m_077 m_293
s_003612,m_126 m_271 m_135 m_179 m_210
s_003613,m_119 m_092 m_179 m_224 m_062
s_003615,m_002 m_157 m_026 m_284 m_135
s_003616,m_108 m_222 m_119 m_092 m_224
s_003617,m_119 m_092 m_179 m_224 m_062
s_003618,m_119 m_092 m_179 m_224 m_062
s_003619,m_179 m_155 m_152 m_204 m_119
s_003621,m_119 m_092 m_179 m_224 m_062
s_003622,m_041 m_002 m_092 m_225 m_108
s_003623,m_119 m_092 m_179 m_224 m_062
s_003624,m_041 m_225 m_026 m_092 m_179
s_003625,m_289 m_204 m_287 m_210 m_254
s_003626,m_282 m_179 m_041 m_126 m_092
s_003627,m_125 m_179 m_092 m_318 m_204
s_003628,m_281 m_053 m_135 m_179 m_193
s_003630,m_119 m_092 m_179 m_224 m_062
s_003631,m_224 m_254 m_247 m_140 m_119
s_003633,m_179 m_247 m_289 m_287 m_282
s_003635,m_044 m_321 m_092 m_162 m_282
s_003636,m_225 m_321 m_092 m_285 m_222
s_003637,m_035 m_289 m_282 m_280 m_105
s_003638,m_053 m_021 m_099 m_083 m_115
s_003639,m_076 m_035 m_099 m_289 m_249
s_003641,m_119 m_092 m_179 m_224 m_062
s_003642,m_093 m_225 m_059 m_108 m_308
s_003648,m_119 m_092 m_179 m_224 m_062
s_003649,m_083 m_069 m_104 m_062 m_224
s_003650,m_045 m_163 m_007 m_271 m_053
s_003652,m_119 m_092 m_179 m_224 m_062
s_003653,m_098 m_041 m_307 m_099 m_271
s_003654,m_007 m_318 m_271 m_111 m_124
s_003658,m_119 m_092 m_179 m_224 m_062
s_003661,m_015 m_005 m_022 m_224 m_271
s_003663,m_282 m_126 m_010 m_092 m_255
s_003664,m_222 m_234 m_145 m_005 m_015
s_003665,m_092 m_062 m_179 m_125 m_119
s_003666,m_119 m_092 m_179 m_224 m_062
s_003667,m_224 m_062 m_083 m_210 m_179
s_003668,m_135 m_179 m_108 m_119 m_289
s_003671,m_135 m_179 m_108 m_247 m_218
s_003672,m_119 m_092 m_179 m_224 m_062
s_003673,m_119 m_062 m_204 m_245 m_076
s_003674,m_222 m_321 m_053 m_179 m_204
s_003675,m_156 m_035 m_247 m_110 m_185
s_003677,m_119 m_092 m_179 m_224 m_062
s_003678,m_119 m_092 m_179 m_224 m_062
s_003679,m_010 m_247 m_124 m_282 m_029
s_003680,m_119 m_092 m_179 m_224 m_062
s_003681,m_119 m_092 m_179 m_224 m_062
s_003682,m_179 m_225 m_041 m_224 m_059
s_003683,m_119 m_092 m_179 m_224 m_062
s_003685,m_179 m_224 m_163 m_271 m_018
s_003686,m_218 m_304 m_186 m_059 m_185
s_003687,m_007 m_092 m_280 m_282 m_287
s_003688,m_155 m_044 m_092 m_083 m_287
s_003689,m_119 m_092 m_179 m_224 m_062
s_003690,m_119 m_092 m_179 m_224 m_062
s_003691,m_280 m_278 m_179 m_010 m_225
s_003693,m_092 m_093 m_271 m_225 m_053
s_003695,m_119 m_092 m_179 m_224 m_062
s_003699,m_204 m_210 m_179 m_135 m_126
s_003700,m_119 m_092 m_179 m_224 m_062
s_003702,m_119 m_092 m_179 m_224 m_062
s_003703,m_119 m_092 m_179 m_224 m_062
s_003704,m_079 m_092 m_174 m_026 m_235
s_003705,m_119 m_092 m_179 m_224 m_062
s_003707,m_282 m_280 m_092 m_135 m_119
s_003709,m_041 m_225 m_280 m_278 m_092
s_003711,m_179 m_135 m_282 m_152 m_210
s_003713,m_280 m_119 m_224 m_278 m_305
s_003714,m_119 m_092 m_179 m_224 m_062
s_003715,m_200 m_199 m_321 m_053 m_045
s_003716,m_119 m_092 m_179 m_224 m_062
s_003717,m_119 m_092 m_179 m_224 m_062
s_003719,m_247 m_289 m_224 m_282 m_254
s_003720,m_119 m_092 m_179 m_224 m_062
s_003721,m_119 m_092 m_179 m_224 m_062
s_003722,m_289 m_224 m_083 m_282 m_010
s_003724,m_119 m_092 m_281 m_247 m_010
s_003728,m_119 m_092 m_179 m_224 m_062
s_003729,m_282 m_035 m_278 m_235 m_110
s_003730,m_119 m_092 m_179 m_224 m_062
s_003731,m_119 m_092 m_179 m_224 m_062
s_003732,m_119 m_092 m_179 m_224 m_062
s_003733,m_280 m_278 m_053 m_289 m_282
s_003734,m_179 m_222 m_119 m_092 m_282
s_003735,m_119 m_092 m_179 m_224 m_062
s_003736,m_119 m_092 m_179 m_224 m_062
s_003740,m_119 m_092 m_179 m_224 m_062
s_003742,m_119 m_092 m_179 m_224 m_062
s_003743,m_119 m_092 m_179 m_224 m_062
s_003745,m_285 m_218 m_179 m_281 m_165
s_003746,m_204 m_041 m_092 m_135 m_126
s_003749,m_282 m_041 m_135 m_280 m_225
s_003751,m_119 m_237 m_193 m_287 m_126
s_003752,m_179 m_224 m_119 m_105 m_222
s_003753,m_321 m_045 m_204 m_179 m_053
s_003754,m_002 m_290 m_231 m_041 m_229
s_003755,m_108 m_225 m_015 m_162 m_091
s_003756,m_119 m_092 m_179 m_224 m_062
s_003757,m_119 m_092 m_179 m_224 m_062
s_003759,m_224 m_222 m_010 m_307 m_111
s_003760,m_119 m_092 m_179 m_224 m_062
s_003761,m_110 m_041 m_105 m_281 m_062
s_003763,m_110 m_035 m_156 m_321 m_225
s_003765,m_179 m_155 m_154 m_204 m_135
s_003766,m_119 m_092 m_179 m_224 m_062
s_003767,m_108 m_247 m_254 m_211 m_185
s_003768,m_119 m_092 m_179 m_224 m_062
s_003769,m_119 m_092 m_179 m_224 m_062
s_003771,m_119 m_092 m_179 m_224 m_062
s_003773,m_108 m_193 m_289 m_237 m_099
s_003774,m_119 m_092 m_179 m_224 m_062
s_003776,m_119 m_092 m_179 m_224 m_062
s_003777,m_119 m_092 m_179 m_224 m_062
s_003778,m_091 m_062 m_111 m_092 m_222
s_003781,m_222 m_289 m_005 m_305 m_271
s_003782,m_119 m_092 m_179 m_224 m_062
s_003783,m_282 m_126 m_041 m_010 m_021
s_003785,m_119 m_092 m_179 m_224 m_062
s_003786,m_247 m_092 m_282 m_010 m_135
s_003788,m_321 m_184 m_092 m_045 m_254
s_003789,m_119 m_062 m_105 m_125 m_053
s_003790,m_015 m_099 m_222 m_092 m_018
s_003791,m_044 m_026 m_255 m_065 m_092
s_003793,m_152 m_179 m_204 m_252 m_147
s_003794,m_155 m_010 m_179 m_282 m_247
s_003796,m_119 m_092 m_179 m_224 m_062
s_003797,m_119 m_092 m_179 m_224 m_062
s_003798,m_119 m_092 m_179 m_224 m_062
s_003799,m_119 m_092 m_179 m_224 m_062
s_003800,m_119 m_092 m_179 m_224 m_062
s_003802,m_119 m_092 m_179 m_224 m_062
s_003807,m_119 m_092 m_179 m_224 m_062
s_003809,m_119 m_092 m_179 m_224 m_062
s_003811,m_119 m_092 m_179 m_224 m_062
s_003812,m_092 m_053 m_222 m_282 m_062
s_003813,m_119 m_092 m_179 m_224 m_062
s_003814,m_119 m_092 m_179 m_224 m_062
s_003816,m_119 m_092 m_179 m_224 m_062
s_003817,m_119 m_092 m_179 m_224 m_062
s_003818,m_007 m_321 m_180 m_179 m_210
s_003819,m_247 m_117 m_010 m_091 m_069
s_003820,m_235 m_079 m_044 m_210 m_092
s_003821,m_119 m_092 m_179 m_224 m_062
s_003822,m_119 m_092 m_179 m_224 m_062
s_003824,m_225 m_053 m_280 m_282 m_092
s_003826,m_092 m_179 m_224 m_290 m_280
s_003831,m_179 m_204 m_224 m_210 m_180
s_003832,m_179 m_204 m_254 m_105 m_055
s_003835,m_119 m_092 m_179 m_224 m_062
s_003836,m_222 m_018 m_098 m_099 m_174
s_003839,m_179 m_015 m_091 m_062 m_035
s_003840,m_119 m_065 m_062 m_222 m_287
s_003841,m_041 m_105 m_184 m_204 m_108
s_003842,m_179 m_065 m_245 m_062 m_152
s_003845,m_119 m_092 m_179 m_224 m_062
s_003847,m_119 m_179 m_099 m_282 m_018
s_003848,m_092 m_026 m_135 m_284 m_106
s_003849,m_119 m_092 m_179 m_224 m_062
s_003850,m_095 m_093 m_225 m_092 m_179
s_003851,m_119 m_092 m_179 m_224 m_062
s_003853,m_119 m_092 m_179 m_224 m_062
s_003854,m_119 m_092 m_179 m_224 m_062
s_003856,m_247 m_053 m_045 m_291 m_163
s_003857,m_297 m_179 m_066 m_185 m_204
s_003859,m_156 m_092 m_110 m_053 m_066
s_003860,m_119 m_210 m_204 m_290 m_179
s_003861,m_119 m_092 m_179 m_224 m_062
s_003862,m_119 m_092 m_179 m_224 m_062
s_003867,m_119 m_179 m_204 m_066 m_105
s_003868,m_280 m_041 m_255 m_278 m_289
s_003870,m_119 m_092 m_179 m_224 m_062
s_003871,m_119 m_092 m_179 m_224 m_062
s_003872,m_210 m_126 m_179 m_099 m_152
s_003874,m_119 m_092 m_179 m_224 m_062
s_003875,m_119 m_092 m_179 m_224 m_062
s_003876,m_119 m_092 m_179 m_224 m_062
s_003878,m_119 m_092 m_179 m_224 m_062
s_003879,m_110 m_108 m_035 m_041 m_066
s_003881,m_156 m_247 m_210 m_125 m_284
s_003882,m_135 m_282 m_179 m_280 m_204
s_003884,m_041 m_155 m_255 m_156 m_271
s_003885,m_222 m_007 m_005 m_237 m_193
s_003886,m_119 m_092 m_179 m_224 m_062
s_003888,m_247 m_224 m_289 m_092 m_053
s_003889,m_066 m_035 m_305 m_092 m_282
s_003890,m_119 m_092 m_179 m_224 m_062
s_003892,m_119 m_092 m_179 m_224 m_062
s_003894,m_119 m_092 m_179 m_224 m_062
s_003896,m_119 m_092 m_179 m_224 m_062
s_003899,m_318 m_174 m_044 m_055 m_111
s_003905,m_015 m_117 m_163 m_005 m_069
s_003907,m_119 m_092 m_179 m_224 m_062
s_003912,m_041 m_092 m_125 m_108 m_111
s_003913,m_119 m_092 m_179 m_224 m_062
s_003917,m_119 m_092 m_179 m_224 m_062
s_003919,m_247 m_119 m_222 m_282 m_245
s_003920,m_224 m_155 m_284 m_010 m_119
s_003921,m_119 m_092 m_179 m_224 m_062
s_003924,m_108 m_210 m_119 m_225 m_092
s_003927,m_026 m_092 m_284 m_222 m_282
s_003928,m_010 m_222 m_247 m_135 m_282
s_003929,m_119 m_092 m_179 m_224 m_062
s_003931,m_222 m_099 m_281 m_265 m_018
s_003932,m_156 m_093 m_321 m_092 m_165
s_003933,m_222 m_287 m_307 m_163 m_015
s_003934,m_119 m_092 m_179 m_224 m_062
s_003935,m_224 m_225 m_179 m_010 m_163
s_003936,m_282 m_210 m_035 m_010 m_289
s_003937,m_119 m_092 m_179 m_224 m_062
s_003938,m_119 m_092 m_179 m_224 m_062
s_003939,m_119 m_092 m_179 m_224 m_062
s_003941,m_119 m_092 m_179 m_224 m_062
s_003942,m_222 m_210 m_125 m_179 m_135
s_003943,m_222 m_099 m_231 m_018 m_229
s_003944,m_271 m_318 m_162 m_092 m_044
s_003945,m_079 m_235 m_002 m_092 m_103
s_003946,m_156 m_110 m_066 m_289 m_321
s_003948,m_147 m_140 m_152 m_135 m_093
s_003949,m_119 m_092 m_179 m_224 m_062
s_003952,m_108 m_225 m_041 m_308 m_092
s_003953,m_285 m_218 m_179 m_281 m_165
s_003954,m_179 m_222 m_281 m_174 m_099
s_003955,m_041 m_152 m_119 m_179 m_204
s_003956,m_083 m_222 m_271 m_124 m_280
s_003957,m_224 m_225 m_053 m_119 m_092
s_003958,m_126 m_271 m_163 m_318 m_055
s_003959,m_282 m_163 m_010 m_162 m_318
s_003961,m_222 m_282 m_255 m_247 m_291
s_003962,m_225 m_280 m_278 m_041 m_307
s_003963,m_179 m_147 m_287 m_135 m_126
s_003965,m_119 m_210 m_204 m_179 m_062
s_003967,m_108 m_247 m_092 m_281 m_179
s_003968,m_179 m_247 m_092 m_252 m_287
s_003969,m_041 m_222 m_092 m_163 m_318
s_003970,m_119 m_092 m_179 m_224 m_062
s_003972,m_225 m_093 m_179 m_290 m_092
s_003973,m_119 m_092 m_179 m_224 m_062
s_003974,m_119 m_092 m_179 m_224 m_062
s_003975,m_119 m_092 m_179 m_224 m_062
s_003977,m_135 m_225 m_280 m_026 m_179
s_003978,m_092 m_065 m_245 m_225 m_255
s_003981,m_119 m_092 m_179 m_224 m_062
s_003982,m_179 m_059 m_135 m_154 m_204
s_003983,m_119 m_092 m_179 m_224 m_062
s_003987,m_092 m_002 m_059 m_044 m_108
s_003988,m_179 m_007 m_204 m_125 m_152
s_003989,m_041 m_140 m_222 m_092 m_119
s_003990,m_225 m_224 m_066 m_199 m_284
s_003992,m_053 m_222 m_184 m_092 m_163
s_003993,m_225 m_041 m_092 m_174 m_053
s_003994,m_108 m_065 m_092 m_053 m_119
s_003996,m_156 m_224 m_253 m_105 m_007
s_003997,m_224 m_119 m_247 m_010 m_105
s_003998,m_119 m_092 m_179 m_224 m_062
s_003999,m_156 m_066 m_110 m_225 m_092
s_004002,m_119 m_092 m_179 m_224 m_062
s_004003,m_225 m_119 m_062 m_125 m_281
s_004005,m_282 m_278 m_284 m_281 m_289
s_004007,m_119 m_092 m_179 m_224 m_062
s_004010,m_119 m_092 m_179 m_224 m_062
s_004015,m_119 m_092 m_179 m_224 m_062
s_004016,m_247 m_224 m_083 m_174 m_010
s_004018,m_225 m_119 m_092 m_282 m_236
s_004019,m_119 m_092 m_179 m_224 m_062
s_004020,m_119 m_092 m_179 m_224 m_062
s_004024,m_092 m_053 m_163 m_271 m_143
s_004026,m_062 m_140 m_105 m_083 m_147
s_004027,m_289 m_066 m_092 m_106 m_282
s_004029,m_119 m_092 m_179 m_224 m_062
s_004030,m_179 m_282 m_126 m_180 m_287
s_004032,m_119 m_092 m_179 m_224 m_062
s_004033,m_119 m_155 m_280 m_135 m_010
s_004036,m_044 m_163 m_092 m_289 m_271
s_004037,m_092 m_210 m_192 m_282 m_224
s_004039,m_059 m_252 m_265 m_119 m_232
s_004040,m_119 m_092 m_179 m_224 m_062
s_004041,m_119 m_092 m_179 m_224 m_062
s_004042,m_119 m_092 m_179 m_224 m_062
s_004044,m_179 m_119 m_126 m_108 m_247
s_004045,m_119 m_092 m_179 m_224 m_062
s_004046,m_119 m_092 m_179 m_224 m_062
s_004048,m_252 m_287 m_282 m_126 m_204
s_004049,m_119 m_092 m_179 m_224 m_062
s_004050,m_135 m_126 m_179 m_204 m_140
s_004051,m_041 m_224 m_282 m_252 m_235
s_004053,m_218 m_285 m_211 m_179 m_210
s_004056,m_204 m_082 m_179 m_154 m_126
s_004057,m_119 m_092 m_179 m_224 m_062
s_004058,m_225 m_305 m_042 m_280 m_108
s_004059,m_119 m_092 m_179 m_224 m_062
s_004060,m_119 m_092 m_179 m_224 m_062
s_004062,m_225 m_179 m_093 m_002 m_155
s_004063,m_318 m_163 m_271 m_234 m_162
s_004065,m_135 m_179 m_204 m_210 m_280
s_004067,m_041 m_119 m_179 m_108 m_289
s_004068,m_119 m_092 m_179 m_224 m_062
s_004069,m_225 m_282 m_041 m_119 m_247
s_004070,m_321 m_045 m_125 m_053 m_005
s_004071,m_119 m_092 m_179 m_224 m_062
s_004072,m_041 m_092 m_155 m_125 m_135
s_004073,m_119 m_092 m_179 m_224 m_062
s_004076,m_119 m_092 m_179 m_224 m_062
s_004077,m_271 m_234 m_163 m_099 m_044
s_004078,m_119 m_092 m_179 m_224 m_062
s_004079,m_119 m_092 m_179 m_224 m_062
s_004082,m_179 m_225 m_041 m_135 m_119
s_004086,m_252 m_092 m_289 m_210 m_280
s_004088,m_119 m_092 m_179 m_224 m_062
s_004089,m_092 m_289 m_271 m_224 m_282
s_004090,m_119 m_092 m_179 m_224 m_062
s_004092,m_271 m_318 m_163 m_053 m_210
s_004093,m_119 m_092 m_179 m_224 m_062
s_004094,m_125 m_126 m_204 m_135 m_179
s_004095,m_007 m_179 m_105 m_110 m_156
s_004096,m_119 m_092 m_179 m_224 m_062
s_004098,m_010 m_282 m_289 m_247 m_066
s_004099,m_321 m_152 m_290 m_179 m_014
s_004100,m_245 m_287 m_254 m_280 m_179
s_004101,m_282 m_179 m_280 m_110 m_092
s_004102,m_204 m_179 m_079 m_271 m_210
s_004103,m_119 m_224 m_204 m_303 m_005
s_004104,m_108 m_092 m_282 m_119 m_105
s_004105,m_245 m_225 m_210 m_157 m_093
s_004106,m_126 m_282 m_140 m_180 m_204
s_004107,m_252 m_119 m_210 m_280 m_092
s_004108,m_247 m_245 m_237 m_081 m_210
s_004109,m_062 m_179 m_204 m_285 m_281
s_004113,m_010 m_210 m_041 m_247 m_083
s_004114,m_210 m_301 m_303 m_185 m_192
s_004115,m_321 m_110 m_035 m_066 m_317
s_004117,m_119 m_092 m_179 m_224 m_062
s_004119,m_119 m_092 m_179 m_224 m_062
s_004120,m_119 m_092 m_179 m_224 m_062
s_004121,m_053 m_083 m_282 m_010 m_247
s_004122,m_289 m_318 m_174 m_282 m_179
s_004123,m_245 m_125 m_163 m_157 m_289
s_004124,m_289 m_321 m_280 m_035 m_284
s_004127,m_179 m_252 m_289 m_106 m_092
s_004128,m_041 m_253 m_093 m_255 m_108
s_004129,m_119 m_092 m_179 m_224 m_062
s_004130,m_119 m_092 m_179 m_224 m_062
s_004131,m_179 m_224 m_002 m_092 m_210
s_004132,m_119 m_092 m_179 m_224 m_062
s_004135,m_053 m_235 m_282 m_111 m_092
s_004136,m_083 m_305 m_289 m_092 m_284
s_004137,m_119 m_092 m_179 m_224 m_062
s_004139,m_289 m_280 m_108 m_179 m_119
s_004141,m_119 m_092 m_179 m_224 m_062
s_004143,m_119 m_092 m_179 m_224 m_062
s_004144,m_163 m_044 m_124 m_162 m_318
s_004145,m_224 m_007 m_179 m_110 m_289
s_004148,m_119 m_092 m_179 m_224 m_062
s_004149,m_156 m_321 m_282 m_245 m_105
s_004150,m_119 m_092 m_179 m_224 m_062
s_004151,m_119 m_092 m_179 m_224 m_062
s_004152,m_041 m_232 m_147 m_295 m_170
s_004153,m_119 m_092 m_179 m_224 m_062
s_004154,m_106 m_062 m_010 m_126 m_282
s_004155,m_140 m_179 m_147 m_214 m_126
s_004156,m_119 m_092 m_179 m_224 m_062
s_004158,m_179 m_204 m_126 m_135 m_106
s_004160,m_059 m_252 m_280 m_179 m_119
s_004161,m_119 m_180 m_245 m_281 m_092
s_004162,m_179 m_152 m_081 m_135 m_154
s_004163,m_155 m_235 m_224 m_103 m_284
s_004164,m_225 m_119 m_041 m_278 m_026
s_004166,m_224 m_284 m_289 m_282 m_083
s_004167,m_280 m_282 m_278 m_281 m_083
s_004169,m_179 m_282 m_092 m_289 m_271
s_004172,m_119 m_092 m_179 m_224 m_062
s_004173,m_119 m_092 m_179 m_224 m_062
s_004174,m_278 m_053 m_225 m_280 m_282
s_004176,m_119 m_092 m_179 m_224 m_062
s_004178,m_245 m_252 m_287 m_282 m_284
s_004180,m_247 m_044 m_225 m_035 m_053
s_004181,m_005 m_163 m_022 m_091 m_015
s_004182,m_156 m_035 m_289 m_110 m_321
s_004184,m_066 m_152 m_179 m_252 m_147
s_004185,m_053 m_252 m_092 m_026 m_282
s_004187,m_099 m_295 m_018 m_140 m_141
s_004189,m_119 m_092 m_179 m_224 m_062
s_004190,m_092 m_284 m_155 m_083 m_289
s_004191,m_222 m_135 m_126 m_152 m_179
s_004192,m_119 m_092 m_179 m_224 m_062
s_004193,m_119 m_092 m_179 m_224 m_062
s_004195,m_179 m_092 m_282 m_163 m_318
s_004196,m_321 m_092 m_278 m_280 m_271
s_004197,m_224 m_041 m_270 m_304 m_135
s_004199,m_119 m_092 m_179 m_224 m_062
s_004200,m_119 m_092 m_179 m_224 m_062
s_004201,m_179 m_035 m_180 m_119 m_232
s_004202,m_119 m_092 m_179 m_224 m_062
s_004203,m_210 m_193 m_237 m_252 m_092
s_004204,m_119 m_092 m_179 m_224 m_062
s_004205,m_053 m_041 m_225 m_163 m_045
s_004206,m_119 m_092 m_179 m_224 m_062
s_004209,m_119 m_092 m_179 m_224 m_062
s_004210,m_119 m_092 m_179 m_224 m_062
s_004211,m_156 m_110 m_179 m_135 m_035
s_004212,m_193 m_179 m_290 m_247 m_237
s_004213,m_119 m_062 m_179 m_303 m_204
s_004214,m_282 m_179 m_280 m_210 m_126
s_004215,m_119 m_092 m_179 m_224 m_062
s_004217,m_119 m_092 m_179 m_224 m_062
s_004218,m_092 m_002 m_280 m_282 m_278
s_004220,m_125 m_278 m_282 m_126 m_280
s_004222,m_210 m_155 m_307 m_126 m_163
s_004224,m_119 m_092 m_179 m_224 m_062
s_004225,m_224 m_204 m_225 m_247 m_281
s_004227,m_092 m_224 m_222 m_156 m_247
s_004228,m_119 m_092 m_179 m_224 m_062
s_004229,m_119 m_092 m_179 m_224 m_062
s_004230,m_119 m_092 m_179 m_224 m_062
s_004233,m_119 m_092 m_179 m_224 m_062
s_004234,m_289 m_280 m_287 m_010 m_053
s_004236,m_119 m_092 m_179 m_224 m_062
s_004238,m_021 m_282 m_083 m_119 m_092
s_004239,m_119 m_092 m_179 m_224 m_062
s_004240,m_042 m_119 m_211 m_204 m_285
s_004241,m_119 m_092 m_179 m_224 m_062
s_004242,m_053 m_045 m_184 m_225 m_093
s_004244,m_119 m_092 m_179 m_224 m_062
s_004245,m_119 m_092 m_179 m_224 m_062
s_004247,m_108 m_245 m_179 m_287 m_125
s_004248,m_119 m_255 m_225 m_062 m_135
s_004249,m_222 m_225 m_022 m_005 m_184
s_004250,m_119 m_092 m_179 m_224 m_062
s_004251,m_119 m_092 m_179 m_224 m_062
s_004252,m_119 m_092 m_179 m_224 m_062
s_004253,m_119 m_092 m_179 m_224 m_062
s_004254,m_119 m_092 m_179 m_224 m_062
s_004255,m_041 m_153 m_192 m_308 m_301
s_004256,m_225 m_083 m_092 m_222 m_005
s_004257,m_135 m_222 m_179 m_204 m_010
s_004259,m_225 m_204 m_053 m_179 m_045
s_004260,m_225 m_157 m_222 m_111 m_163
s_004261,m_282 m_010 m_247 m_062 m_281
s_004262,m_225 m_321 m_179 m_126 m_204
s_004263,m_204 m_222 m_179 m_210 m_111
s_004264,m_092 m_179 m_252 m_281 m_119
s_004265,m_119 m_092 m_179 m_224 m_062
s_004266,m_119 m_092 m_179 m_224 m_062
s_004267,m_200 m_111 m_127 m_199 m_092
s_004268,m_179 m_204 m_252 m_180 m_135
s_004270,m_119 m_092 m_179 m_224 m_062
s_004272,m_026 m_225 m_280 m_291 m_163
s_004273,m_282 m_092 m_126 m_010 m_289
s_004274,m_211 m_156 m_069 m_062 m_287
s_004277,m_108 m_193 m_237 m_018 m_162
s_004278,m_156 m_108 m_092 m_235 m_110
s_004280,m_252 m_147 m_035 m_179 m_247
s_004281,m_103 m_255 m_271 m_225 m_092
s_004282,m_318 m_162 m_271 m_225 m_093
s_004283,m_179 m_119 m_265 m_266 m_282
s_004285,m_119 m_092 m_179 m_224 m_062
s_004289,m_235 m_053 m_179 m_092 m_222
s_004291,m_247 m_321 m_282 m_222 m_289
s_004292,m_119 m_092 m_179 m_224 m_062
s_004294,m_294 m_289 m_099 m_231 m_098
s_004295,m_245 m_062 m_065 m_204 m_179
s_004296,m_210 m_204 m_007 m_180 m_252
s_004299,m_092 m_222 m_126 m_010 m_247
s_004300,m_119 m_092 m_179 m_224 m_062
s_004301,m_210 m_179 m_204 m_247 m_282
s_004302,m_235 m_002 m_005 m_015 m_290
s_004305,m_119 m_092 m_179 m_224 m_062
s_004306,m_210 m_179 m_204 m_035 m_065
s_004307,m_179 m_289 m_282 m_010 m_255
s_004308,m_119 m_092 m_179 m_224 m_062
s_004309,m_119 m_092 m_179 m_224 m_062
s_004310,m_289 m_174 m_287 m_282 m_135
s_004312,m_282 m_119 m_204 m_280 m_210
s_004313,m_103 m_155 m_126 m_235 m_092
s_004314,m_211 m_204 m_135 m_062 m_010
s_004317,m_119 m_092 m_179 m_224 m_062
s_004318,m_224 m_083 m_289 m_062 m_119
s_004319,m_156 m_035 m_245 m_066 m_321
s_004320,m_119 m_092 m_179 m_224 m_062
s_004321,m_179 m_204 m_119 m_053 m_152
s_004322,m_119 m_092 m_179 m_224 m_062
s_004323,m_119 m_092 m_179 m_224 m_062
s_004324,m_255 m_271 m_108 m_105 m_265
s_004325,m_289 m_010 m_185 m_304 m_186
s_004326,m_179 m_281 m_053 m_204 m_092
s_004327,m_152 m_119 m_076 m_204 m_179
s_004328,m_124 m_099 m_222 m_162 m_018
s_004329,m_222 m_015 m_005 m_022 m_091
s_004332,m_119 m_092 m_179 m_224 m_062
s_004333,m_119 m_092 m_044 m_204 m_053
s_004334,m_119 m_092 m_179 m_224 m_062
s_004335,m_083 m_119 m_318 m_222 m_163
s_004336,m_119 m_092 m_179 m_224 m_062
s_004337,m_285 m_095 m_293 m_165 m_211
s_004338,m_079 m_255 m_235 m_225 m_093
s_004339,m_222 m_005 m_271 m_022 m_018
s_004341,m_179 m_204 m_252 m_152 m_281
s_004344,m_010 m_282 m_106 m_179 m_135
s_004345,m_119 m_092 m_179 m_224 m_062
s_004346,m_119 m_092 m_179 m_224 m_062
s_004347,m_126 m_287 m_026 m_179 m_204
s_004348,m_255 m_224 m_235 m_041 m_103
s_004349,m_144 m_321 m_105 m_156 m_035
s_004351,m_119 m_092 m_179 m_224 m_062
s_004352,m_044 m_041 m_255 m_092 m_235
s_004353,m_179 m_318 m_287 m_135 m_105
s_004355,m_119 m_092 m_179 m_224 m_062
s_004356,m_041 m_026 m_247 m_135 m_066
s_004357,m_119 m_065 m_281 m_265 m_204
s_004358,m_225 m_041 m_053 m_278 m_282
s_004359,m_125 m_179 m_278 m_204 m_119
s_004364,m_119 m_092 m_179 m_224 m_062
s_004366,m_119 m_092 m_179 m_224 m_062
s_004367,m_119 m_092 m_179 m_224 m_062
s_004369,m_179 m_180 m_204 m_165 m_210
s_004370,m_119 m_092 m_179 m_224 m_062
s_004372,m_305 m_105 m_110 m_210 m_179
s_004373,m_119 m_092 m_179 m_224 m_062
s_004374,m_224 m_282 m_119 m_126 m_014
s_004375,m_002 m_108 m_179 m_282 m_092
s_004378,m_179 m_204 m_210 m_147 m_126
s_004379,m_135 m_119 m_106 m_225 m_252
s_004380,m_119 m_092 m_224 m_280 m_225
s_004381,m_222 m_157 m_290 m_184 m_252
s_004382,m_119 m_092 m_179 m_224 m_062
s_004383,m_321 m_162 m_222 m_247 m_163
s_004384,m_271 m_035 m_247 m_289 m_224
s_004385,m_199 m_179 m_222 m_204 m_287
s_004386,m_224 m_155 m_041 m_105 m_289
s_004387,m_163 m_002 m_318 m_092 m_281
s_004389,m_108 m_218 m_065 m_062 m_270
s_004390,m_289 m_092 m_284 m_010 m_247
s_004392,m_059 m_193 m_249 m_237 m_152
s_004393,m_119 m_092 m_179 m_224 m_062
s_004394,m_224 m_092 m_179 m_010 m_069
s_004397,m_155 m_224 m_119 m_010 m_282
s_004399,m_119 m_092 m_179 m_224 m_062
s_004401,m_119 m_092 m_179 m_224 m_062
s_004402,m_119 m_092 m_179 m_224 m_062
s_004408,m_041 m_222 m_103 m_053 m_099
s_004409,m_174 m_234 m_145 m_200 m_092
s_004411,m_119 m_092 m_179 m_224 m_062
s_004412,m_152 m_200 m_179 m_287 m_204
s_004414,m_135 m_059 m_179 m_287 m_247
s_004417,m_225 m_210 m_156 m_193 m_237
s_004419,m_119 m_092 m_179 m_224 m_062
s_004420,m_211 m_179 m_307 m_287 m_204
s_004421,m_210 m_282 m_281 m_135 m_010
s_004423,m_252 m_270 m_179 m_185 m_266
s_004424,m_092 m_119 m_287 m_105 m_110
s_004426,m_106 m_287 m_252 m_083 m_152
s_004428,m_179 m_204 m_211 m_152 m_252
s_004429,m_252 m_211 m_204 m_296 m_179
s_004430,m_258 m_252 m_210 m_147 m_002
s_004435,m_119 m_092 m_179 m_224 m_062
s_004436,m_119 m_092 m_179 m_224 m_062
s_004437,m_119 m_210 m_281 m_204 m_092
s_004438,m_119 m_092 m_179 m_224 m_062
s_004440,m_119 m_092 m_179 m_224 m_062
s_004441,m_044 m_278 m_280 m_282 m_111
s_004442,m_108 m_285 m_140 m_152 m_044
s_004443,m_235 m_255 m_099 m_281 m_225
s_004444,m_119 m_092 m_179 m_224 m_062
s_004445,m_210 m_092 m_287 m_179 m_282
s_004446,m_119 m_092 m_179 m_224 m_062
s_004447,m_092 m_010 m_252 m_135 m_247
s_004448,m_119 m_092 m_179 m_224 m_062
s_004449,m_224 m_225 m_305 m_083 m_282
s_004450,m_119 m_092 m_179 m_224 m_062
s_004451,m_018 m_222 m_224 m_127 m_233
s_004452,m_119 m_092 m_179 m_224 m_062
s_004453,m_307 m_255 m_035 m_157 m_010
s_004455,m_106 m_135 m_092 m_010 m_282
s_004456,m_098 m_044 m_099 m_127 m_285
s_004457,m_282 m_255 m_289 m_280 m_281
s_004458,m_184 m_280 m_321 m_002 m_053
s_004459,m_092 m_222 m_224 m_204 m_247
s_004461,m_092 m_155 m_224 m_285 m_105
s_004462,m_119 m_092 m_179 m_224 m_062
s_004463,m_119 m_092 m_179 m_224 m_062
s_004464,m_222 m_015 m_007 m_005 m_290
s_004466,m_119 m_092 m_179 m_224 m_062
s_004468,m_119 m_092 m_179 m_224 m_062
s_004469,m_179 m_035 m_321 m_156 m_289
s_004470,m_119 m_092 m_179 m_224 m_062
s_004471,m_119 m_092 m_179 m_224 m_062
s_004472,m_119 m_092 m_179 m_224 m_062
s_004480,m_179 m_210 m_135 m_287 m_204
s_004481,m_119 m_247 m_278 m_179 m_280
s_004482,m_119 m_092 m_179 m_224 m_062
s_004483,m_224 m_225 m_289 m_321 m_284
s_004484,m_225 m_041 m_083 m_156 m_119
s_004485,m_119 m_092 m_179 m_224 m_062
s_004486,m_289 m_280 m_210 m_278 m_252
s_004487,m_105 m_083 m_287 m_254 m_119
s_004488,m_253 m_108 m_155 m_291 m_069
s_004490,m_119 m_092 m_179 m_224 m_062
s_004491,m_092 m_066 m_035 m_321 m_184
s_004492,m_179 m_155 m_135 m_126 m_152
s_004495,m_103 m_007 m_092 m_227 m_079
s_004496,m_155 m_224 m_093 m_289 m_092
s_004497,m_119 m_092 m_179 m_224 m_062
s_004499,m_119 m_092 m_179 m_224 m_062
s_004500,m_119 m_092 m_179 m_224 m_062
s_004502,m_119 m_092 m_179 m_224 m_062
s_004503,m_092 m_041 m_225 m_093 m_204
s_004504,m_225 m_280 m_002 m_026 m_235
s_004505,m_179 m_152 m_252 m_140 m_204
s_004508,m_179 m_092 m_235 m_287 m_282
s_004509,m_119 m_092 m_179 m_224 m_062
s_004510,m_119 m_092 m_179 m_224 m_062
s_004511,m_179 m_119 m_287 m_053 m_099
s_004512,m_179 m_119 m_289 m_110 m_156
s_004514,m_179 m_007 m_321 m_225 m_204
s_004515,m_247 m_125 m_305 m_278 m_282
s_004516,m_119 m_092 m_179 m_224 m_062
s_004518,m_119 m_092 m_179 m_224 m_062
s_004519,m_321 m_018 m_099 m_222 m_111
s_004521,m_318 m_163 m_162 m_055 m_235
s_004522,m_119 m_092 m_179 m_224 m_062
s_004523,m_092 m_079 m_284 m_110 m_289
s_004525,m_041 m_222 m_125 m_271 m_135
s_004529,m_179 m_156 m_321 m_110 m_035
s_004530,m_282 m_285 m_247 m_119 m_083
s_004532,m_119 m_092 m_179 m_224 m_062
s_004533,m_271 m_092 m_289 m_305 m_002
s_004534,m_125 m_026 m_179 m_076 m_108
s_004535,m_282 m_222 m_278 m_002 m_252
s_004537,m_119 m_092 m_179 m_224 m_062
s_004538,m_119 m_092 m_179 m_224 m_062
s_004539,m_126 m_140 m_245 m_287 m_204
s_004540,m_119 m_092 m_179 m_224 m_062
s_004541,m_119 m_092 m_179 m_224 m_062
s_004542,m_179 m_105 m_284 m_140 m_287
s_004543,m_225 m_010 m_271 m_044 m_126
s_004545,m_126 m_287 m_125 m_204 m_135
s_004546,m_110 m_066 m_092 m_225 m_321
s_004548,m_222 m_041 m_026 m_010 m_247
s_004550,m_282 m_092 m_105 m_010 m_284
s_004552,m_222 m_224 m_280 m_119 m_282
s_004553,m_179 m_282 m_252 m_174 m_035
s_004555,m_041 m_053 m_092 m_282 m_307
s_004556,m_280 m_278 m_282 m_225 m_135
s_004558,m_119 m_092 m_179 m_224 m_062
s_004559,m_147 m_114 m_179 m_249 m_247
s_004560,m_153 m_147 m_179 m_093 m_204
s_004562,m_092 m_110 m_002 m_035 m_105
s_004563,m_119 m_092 m_179 m_224 m_062
s_004565,m_282 m_289 m_305 m_179 m_224
s_004568,m_119 m_092 m_179 m_224 m_062
s_004569,m_222 m_280 m_278 m_041 m_010
s_004571,m_119 m_092 m_179 m_224 m_062
s_004572,m_318 m_271 m_026 m_234 m_092
s_004576,m_119 m_092 m_179 m_224 m_062
s_004577,m_119 m_092 m_179 m_224 m_062
s_004578,m_119 m_092 m_179 m_224 m_062
s_004579,m_119 m_092 m_179 m_224 m_062
s_004580,m_235 m_321 m_289 m_041 m_074
s_004582,m_155 m_224 m_289 m_126 m_174
s_004583,m_119 m_092 m_179 m_224 m_062
s_004585,m_225 m_318 m_093 m_099 m_271
s_004589,m_210 m_124 m_179 m_092 m_055
s_004590,m_222 m_083 m_015 m_091 m_005
s_004595,m_119 m_247 m_179 m_065 m_287
s_004597,m_180 m_179 m_254 m_186 m_252
s_004598,m_119 m_092 m_179 m_224 m_062
s_004599,m_092 m_066 m_305 m_282 m_289
s_004600,m_224 m_222 m_119 m_247 m_092
s_004601,m_119 m_092 m_179 m_224 m_062
s_004602,m_119 m_092 m_179 m_224 m_062
s_004603,m_172 m_249 m_275 m_313 m_312
s_004604,m_119 m_092 m_179 m_224 m_062
s_004606,m_179 m_210 m_204 m_252 m_105
s_004610,m_119 m_092 m_179 m_224 m_062
s_004611,m_083 m_156 m_062 m_179 m_210
s_004612,m_156 m_035 m_126 m_124 m_289
s_004613,m_210 m_289 m_156 m_014 m_092
s_004614,m_179 m_222 m_126 m_062 m_119
s_004615,m_211 m_204 m_179 m_210 m_126
s_004619,m_041 m_053 m_225 m_282 m_044
s_004620,m_119 m_092 m_179 m_224 m_062
s_004621,m_280 m_041 m_278 m_010 m_247
s_004622,m_119 m_092 m_179 m_224 m_062
s_004623,m_135 m_106 m_185 m_179 m_204
s_004624,m_119 m_092 m_179 m_224 m_062
s_004625,m_225 m_193 m_041 m_092 m_053
s_004626,m_119 m_092 m_179 m_224 m_062
s_004627,m_119 m_092 m_179 m_224 m_062
s_004629,m_156 m_108 m_289 m_152 m_076
s_004631,m_289 m_280 m_179 m_252 m_119
s_004632,m_119 m_092 m_179 m_224 m_062
s_004633,m_092 m_125 m_108 m_153 m_192
s_004635,m_119 m_092 m_179 m_224 m_062
s_004636,m_287 m_155 m_035 m_282 m_321
s_004637,m_119 m_092 m_179 m_224 m_062
s_004639,m_247 m_163 m_185 m_095 m_254
s_004640,m_053 m_002 m_026 m_007 m_010
s_004642,m_108 m_106 m_126 m_179 m_225
s_004643,m_280 m_247 m_282 m_253 m_254
s_004645,m_210 m_119 m_252 m_179 m_287
s_004646,m_289 m_010 m_278 m_280 m_222
s_004648,m_254 m_179 m_119 m_165 m_204
s_004649,m_156 m_179 m_010 m_252 m_321
s_004650,m_119 m_092 m_179 m_224 m_062
s_004651,m_119 m_092 m_179 m_224 m_062
s_004652,m_119 m_083 m_284 m_155 m_224
s_004653,m_321 m_079 m_044 m_092 m_035
s_004656,m_280 m_163 m_281 m_282 m_271
s_004658,m_119 m_092 m_179 m_224 m_062
s_004659,m_119 m_092 m_179 m_224 m_062
s_004660,m_271 m_280 m_157 m_093 m_163
s_004661,m_083 m_062 m_282 m_092 m_007
s_004662,m_222 m_294 m_117 m_092 m_255
s_004663,m_119 m_092 m_179 m_224 m_062
s_004665,m_119 m_092 m_179 m_224 m_062
s_004666,m_225 m_157 m_015 m_222 m_163
s_004667,m_119 m_092 m_179 m_224 m_062
s_004668,m_119 m_092 m_179 m_224 m_062
s_004669,m_245 m_108 m_282 m_247 m_024
s_004670,m_218 m_185 m_204 m_301 m_179
s_004672,m_119 m_092 m_179 m_224 m_062
s_004673,m_007 m_321 m_145 m_253 m_076
s_004674,m_114 m_237 m_110 m_222 m_119
s_004676,m_119 m_179 m_255 m_282 m_135
s_004679,m_210 m_179 m_204 m_214 m_147
s_004681,m_179 m_204 m_271 m_321 m_053
s_004685,m_210 m_119 m_222 m_010 m_280
s_004686,m_119 m_092 m_179 m_224 m_062
s_004688,m_041 m_065 m_125 m_295 m_066
s_004689,m_119 m_092 m_179 m_224 m_062
s_004690,m_289 m_179 m_135 m_222 m_282
s_004691,m_119 m_092 m_204 m_042 m_041
s_004693,m_119 m_289 m_222 m_053 m_092
s_004695,m_245 m_278 m_280 m_305 m_237
s_004696,m_119 m_092 m_179 m_224 m_062
s_004697,m_119 m_092 m_179 m_224 m_062
s_004698,m_119 m_092 m_179 m_224 m_062
s_004699,m_083 m_225 m_179 m_289 m_092
s_004701,m_119 m_092 m_179 m_224 m_062
s_004702,m_119 m_092 m_179 m_224 m_062
s_004703,m_225 m_222 m_041 m_015 m_247
s_004705,m_021 m_062 m_281 m_222 m_119
s_004706,m_179 m_210 m_180 m_204 m_186
s_004707,m_119 m_092 m_179 m_224 m_062
s_004708,m_119 m_092 m_179 m_224 m_062
s_004710,m_135 m_126 m_204 m_287 m_106
s_004711,m_119 m_092 m_179 m_224 m_062
s_004712,m_179 m_119 m_026 m_210 m_010
s_004714,m_119 m_092 m_179 m_224 m_062
s_004717,m_119 m_092 m_179 m_224 m_062
s_004718,m_280 m_224 m_092 m_282 m_227
s_004719,m_119 m_092 m_179 m_224 m_062
s_004720,m_119 m_092 m_179 m_224 m_062
s_004721,m_155 m_282 m_252 m_156 m_110
s_004722,m_282 m_280 m_156 m_184 m_252
s_004723,m_179 m_204 m_210 m_252 m_152
s_004724,m_119 m_092 m_179 m_224 m_062
s_004725,m_285 m_062 m_232 m_165 m_119
s_004727,m_119 m_092 m_179 m_224 m_062
s_004728,m_053 m_224 m_092 m_156 m_035
s_004729,m_119 m_092 m_179 m_224 m_062
s_004730,m_119 m_092 m_179 m_224 m_062
s_004731,m_119 m_092 m_179 m_224 m_062
s_004732,m_247 m_119 m_281 m_254 m_179
s_004733,m_321 m_305 m_247 m_284 m_111
s_004739,m_119 m_092 m_179 m_224 m_062
s_004741,m_119 m_092 m_179 m_224 m_062
s_004744,m_119 m_092 m_179 m_224 m_062
s_004745,m_224 m_179 m_204 m_307 m_021
s_004746,m_224 m_287 m_126 m_282 m_010
s_004748,m_119 m_092 m_179 m_224 m_062
s_004749,m_247 m_289 m_110 m_076 m_156
s_004750,m_015 m_222 m_179 m_290 m_105
s_004751,m_106 m_041 m_289 m_179 m_143
s_004754,m_119 m_092 m_179 m_224 m_062
s_004755,m_284 m_247 m_289 m_174 m_282
s_004756,m_210 m_126 m_282 m_280 m_010
s_004758,m_119 m_092 m_179 m_224 m_062
s_004761,m_125 m_099 m_053 m_193 m_018
s_004762,m_126 m_154 m_140 m_152 m_210
s_004763,m_119 m_092 m_179 m_224 m_062
s_004764,m_108 m_224 m_247 m_010 m_179
s_004765,m_119 m_204 m_163 m_092 m_186
s_004767,m_155 m_224 m_289 m_126 m_174
s_004769,m_119 m_092 m_179 m_224 m_062
s_004774,m_285 m_105 m_204 m_179 m_119
s_004775,m_321 m_289 m_282 m_278 m_222
s_004777,m_119 m_245 m_237 m_295 m_193
s_004778,m_119 m_092 m_179 m_224 m_062
s_004779,m_119 m_092 m_179 m_224 m_062
s_004780,m_108 m_105 m_139 m_222 m_225
s_004782,m_092 m_280 m_278 m_140 m_282
s_004784,m_222 m_284 m_224 m_127 m_111
s_004786,m_119 m_092 m_179 m_224 m_062
s_004787,m_119 m_092 m_179 m_224 m_062
s_004790,m_289 m_179 m_135 m_035 m_204
s_004791,m_252 m_184 m_321 m_026 m_105
s_004792,m_318 m_163 m_119 m_271 m_162
s_004795,m_108 m_114 m_179 m_125 m_247
s_004799,m_108 m_062 m_281 m_247 m_165
s_004801,m_225 m_282 m_280 m_278 m_010
s_004803,m_119 m_092 m_179 m_224 m_062
s_004805,m_119 m_092 m_179 m_224 m_062
s_004806,m_204 m_082 m_179 m_154 m_210
s_004807,m_119 m_271 m_053 m_252 m_247
s_004810,m_119 m_092 m_179 m_224 m_062
s_004811,m_179 m_126 m_252 m_135 m_247
s_004812,m_156 m_253 m_179 m_108 m_204
s_004814,m_119 m_092 m_179 m_224 m_062
s_004816,m_119 m_092 m_179 m_224 m_062
s_004817,m_119 m_092 m_179 m_224 m_062
s_004819,m_119 m_092 m_179 m_224 m_062
s_004820,m_200 m_199 m_098 m_099 m_018
s_004821,m_222 m_119 m_055 m_255 m_105
s_004823,m_210 m_252 m_152 m_287 m_321
s_004824,m_135 m_126 m_179 m_053 m_282
s_004825,m_083 m_163 m_186 m_179 m_210
s_004826,m_062 m_053 m_225 m_282 m_204
s_004827,m_224 m_289 m_083 m_069 m_105
s_004828,m_224 m_271 m_092 m_282 m_126
s_004830,m_119 m_092 m_179 m_224 m_062
s_004833,m_224 m_157 m_284 m_222 m_010
s_004834,m_007 m_119 m_083 m_140 m_210
s_004836,m_225 m_092 m_062 m_270 m_144
s_004838,m_119 m_092 m_179 m_224 m_062
s_004843,m_135 m_156 m_110 m_278 m_280
s_004844,m_010 m_247 m_119 m_026 m_179
s_004845,m_211 m_247 m_065 m_204 m_165
s_004847,m_119 m_092 m_179 m_224 m_062
s_004848,m_119 m_092 m_179 m_224 m_062
s_004849,m_126 m_193 m_237 m_280 m_282
s_004850,m_119 m_092 m_179 m_224 m_062
s_004852,m_119 m_092 m_179 m_224 m_062
s_004853,m_225 m_271 m_044 m_174 m_079
s_004855,m_119 m_092 m_179 m_224 m_062
s_004857,m_119 m_210 m_252 m_293 m_287
s_004858,m_119 m_092 m_179 m_224 m_062
s_004859,m_119 m_092 m_179 m_224 m_062
s_004862,m_092 m_119 m_083 m_305 m_284
s_004863,m_119 m_092 m_179 m_224 m_062
s_004864,m_010 m_135 m_222 m_247 m_162
s_004865,m_247 m_021 m_287 m_305 m_280
s_004867,m_041 m_285 m_295 m_287 m_092
s_004868,m_045 m_099 m_125 m_280 m_053
s_004869,m_282 m_193 m_293 m_237 m_281
s_004870,m_119 m_092 m_179 m_224 m_062
s_004871,m_119 m_092 m_179 m_224 m_062
s_004872,m_224 m_155 m_289 m_282 m_156
s_004873,m_119 m_092 m_179 m_224 m_062
s_004874,m_119 m_092 m_179 m_224 m_062
s_004876,m_092 m_280 m_179 m_289 m_278
s_004877,m_285 m_210 m_119 m_224 m_270
s_004878,m_225 m_224 m_002 m_093 m_284
s_004880,m_119 m_092 m_179 m_224 m_062
s_004881,m_021 m_010 m_282 m_119 m_062
s_004883,m_224 m_044 m_092 m_041 m_222
s_004886,m_245 m_041 m_103 m_237 m_247
s_004887,m_210 m_152 m_179 m_053 m_126
s_004888,m_285 m_321 m_156 m_165 m_289
s_004890,m_119 m_092 m_179 m_224 m_062
s_004891,m_152 m_119 m_204 m_154 m_179
s_004894,m_179 m_204 m_119 m_247 m_210
s_004896,m_108 m_155 m_156 m_245 m_289
s_004900,m_280 m_007 m_092 m_010 m_287
s_004901,m_083 m_069 m_280 m_066 m_289
s_004902,m_119 m_092 m_179 m_224 m_062
s_004903,m_155 m_271 m_015 m_105 m_005
s_004905,m_278 m_224 m_092 m_010 m_119
s_004907,m_108 m_224 m_179 m_174 m_210
s_004908,m_135 m_119 m_282 m_210 m_225
s_004909,m_222 m_053 m_321 m_010 m_280
s_004910,m_119 m_092 m_179 m_224 m_062
s_004911,m_041 m_092 m_253 m_287 m_083
s_004913,m_053 m_062 m_204 m_119 m_317
s_004914,m_179 m_108 m_041 m_204 m_252
s_004918,m_119 m_092 m_179 m_224 m_062
s_004923,m_225 m_281 m_059 m_235 m_280
s_004925,m_119 m_092 m_179 m_224 m_062
s_004926,m_119 m_092 m_179 m_224 m_062
s_004927,m_245 m_281 m_204 m_211 m_179
s_004928,m_108 m_041 m_271 m_010 m_247
s_004929,m_225 m_224 m_083 m_247 m_119
s_004930,m_224 m_092 m_290 m_055 m_247
s_004931,m_010 m_245 m_140 m_104 m_237
s_004932,m_255 m_093 m_193 m_237 m_099
s_004933,m_119 m_092 m_179 m_224 m_062
s_004934,m_119 m_092 m_179 m_224 m_062
s_004935,m_210 m_119 m_179 m_204 m_065
s_004936,m_225 m_247 m_245 m_282 m_281
s_004938,m_119 m_092 m_179 m_224 m_062
s_004939,m_119 m_092 m_179 m_224 m_062
s_004941,m_010 m_289 m_179 m_271 m_135
s_004942,m_119 m_092 m_179 m_224 m_062
s_004943,m_289 m_059 m_062 m_021 m_010
s_004945,m_119 m_092 m_179 m_224 m_062
s_004946,m_041 m_059 m_093 m_235 m_291
s_004949,m_119 m_092 m_179 m_224 m_062
s_004950,m_119 m_092 m_179 m_224 m_062
s_004951,m_119 m_092 m_179 m_224 m_062
s_004952,m_156 m_155 m_110 m_105 m_284
s_004953,m_119 m_092 m_179 m_224 m_062
s_004955,m_185 m_270 m_186 m_144 m_218
s_004956,m_119 m_092 m_179 m_224 m_062
s_004957,m_193 m_237 m_119 m_321 m_010
s_004959,m_218 m_304 m_186 m_185 m_059
s_004960,m_179 m_210 m_282 m_135 m_010
s_004961,m_045 m_282 m_289 m_184 m_321
s_004963,m_119 m_092 m_179 m_224 m_062
s_004965,m_093 m_092 m_077 m_108 m_041
s_004966,m_119 m_092 m_179 m_224 m_062
s_004967,m_318 m_225 m_271 m_093 m_139
s_004969,m_245 m_247 m_289 m_278 m_007
s_004970,m_119 m_092 m_179 m_224 m_062
s_004974,m_287 m_253 m_174 m_252 m_105
s_004976,m_119 m_092 m_179 m_224 m_062
s_004977,m_282 m_222 m_247 m_280 m_069
s_004979,m_041 m_282 m_204 m_252 m_179
s_004981,m_119 m_092 m_179 m_224 m_062
s_004984,m_119 m_092 m_179 m_224 m_062
s_004986,m_092 m_225 m_083 m_041 m_282
s_004987,m_119 m_204 m_237 m_193 m_062
s_004988,m_119 m_092 m_179 m_224 m_062
s_004990,m_007 m_015 m_091 m_002 m_222
s_004991,m_108 m_225 m_154 m_152 m_135
s_004992,m_119 m_114 m_140 m_135 m_105
s_004993,m_119 m_092 m_179 m_224 m_062
s_004994,m_021 m_282 m_289 m_010 m_252
s_004997,m_280 m_282 m_278 m_010 m_125
s_004999,m_119 m_092 m_179 m_224 m_062
s_005000,m_193 m_237 m_076 m_105 m_143
s_005002,m_211 m_179 m_204 m_210 m_265
s_005003,m_026 m_044 m_105 m_092 m_035
s_005006,m_210 m_254 m_179 m_307 m_282
s_005007,m_156 m_245 m_110 m_035 m_282
s_005008,m_222 m_185 m_290 m_304 m_018
s_005009,m_119 m_092 m_179 m_224 m_062
s_005012,m_119 m_092 m_179 m_224 m_062
s_005013,m_010 m_053 m_002 m_018 m_005
s_005019,m_245 m_321 m_253 m_110 m_035
s_005021,m_119 m_092 m_179 m_224 m_062
s_005022,m_156 m_066 m_224 m_110 m_284
s_005026,m_179 m_092 m_289 m_193 m_282
s_005027,m_119 m_092 m_179 m_224 m_062
s_005028,m_108 m_224 m_222 m_210 m_174
s_005029,m_041 m_282 m_026 m_092 m_105
s_005030,m_119 m_092 m_179 m_224 m_062
s_005032,m_179 m_252 m_152 m_278 m_126
s_005033,m_119 m_092 m_179 m_224 m_062
s_005035,m_119 m_092 m_179 m_224 m_062
s_005036,m_119 m_092 m_179 m_224 m_062
s_005037,m_119 m_092 m_179 m_224 m_062
s_005039,m_026 m_204 m_281 m_042 m_069
s_005040,m_222 m_092 m_271 m_055 m_059
s_005041,m_092 m_289 m_210 m_321 m_282
s_005042,m_119 m_092 m_179 m_224 m_062
s_005043,m_119 m_092 m_179 m_224 m_062
s_005044,m_018 m_271 m_111 m_222 m_162
s_005046,m_119 m_092 m_179 m_224 m_062
s_005048,m_280 m_092 m_062 m_042 m_010
s_005049,m_119 m_092 m_179 m_224 m_062
s_005051,m_282 m_224 m_092 m_289 m_271
s_005052,m_119 m_092 m_179 m_224 m_062
s_005054,m_305 m_289 m_092 m_282 m_204
s_005056,m_280 m_053 m_278 m_282 m_271
s_005057,m_144 m_185 m_179 m_186 m_301
s_005058,m_152 m_289 m_278 m_280 m_018
s_005059,m_222 m_271 m_091 m_005 m_163
s_005060,m_321 m_192 m_231 m_092 m_099
s_005062,m_119 m_092 m_179 m_224 m_062
s_005064,m_010 m_280 m_143 m_307 m_066
s_005066,m_053 m_224 m_222 m_099 m_321
s_005067,m_119 m_092 m_179 m_224 m_062
s_005068,m_119 m_092 m_179 m_224 m_062
s_005069,m_119 m_092 m_179 m_224 m_062
s_005071,m_119 m_092 m_179 m_224 m_062
s_005074,m_236 m_108 m_308 m_119 m_044
s_005075,m_119 m_092 m_179 m_224 m_062
s_005076,m_119 m_092 m_179 m_224 m_062
s_005079,m_053 m_092 m_280 m_321 m_225
s_005080,m_179 m_204 m_083 m_210 m_245
s_005083,m_119 m_092 m_179 m_224 m_062
s_005084,m_119 m_092 m_179 m_224 m_062
s_005085,m_222 m_126 m_092 m_010 m_287
s_005086,m_225 m_253 m_035 m_174 m_156
s_005087,m_119 m_092 m_179 m_224 m_062
s_005088,m_282 m_110 m_156 m_278 m_280
s_005092,m_119 m_092 m_179 m_224 m_062
s_005093,m_119 m_092 m_179 m_224 m_062
s_005094,m_119 m_092 m_179 m_224 m_062
s_005095,m_224 m_007 m_010 m_282 m_284
s_005096,m_062 m_204 m_224 m_126 m_092
s_005097,m_247 m_193 m_237 m_232 m_179
s_005098,m_289 m_119 m_252 m_106 m_002
s_005099,m_024 m_307 m_247 m_140 m_282
s_005100,m_119 m_092 m_179 m_224 m_062
s_005104,m_093 m_092 m_225 m_059 m_289
s_005106,m_119 m_092 m_179 m_224 m_062
s_005108,m_119 m_092 m_179 m_224 m_062
s_005109,m_210 m_252 m_179 m_204 m_289
s_005110,m_092 m_289 m_119 m_252 m_255
s_005113,m_179 m_224 m_280 m_254 m_282
s_005114,m_119 m_092 m_179 m_224 m_062
s_005115,m_119 m_092 m_179 m_224 m_062
s_005116,m_119 m_092 m_179 m_224 m_062
s_005117,m_119 m_092 m_179 m_224 m_062
s_005118,m_119 m_092 m_179 m_224 m_062
s_005119,m_200 m_199 m_265 m_204 m_247
s_005120,m_010 m_015 m_092 m_124 m_222
s_005122,m_119 m_092 m_179 m_224 m_062
s_005123,m_156 m_225 m_110 m_179 m_289
s_005124,m_247 m_108 m_010 m_055 m_091
s_005126,m_066 m_156 m_179 m_035 m_211
s_005128,m_225 m_010 m_282 m_247 m_062
s_005133,m_119 m_092 m_179 m_224 m_062
s_005136,m_210 m_252 m_135 m_204 m_179
s_005138,m_135 m_154 m_252 m_126 m_152
s_005139,m_119 m_092 m_179 m_224 m_062
s_005140,m_140 m_147 m_247 m_179 m_076
s_005142,m_282 m_278 m_280 m_281 m_083
s_005143,m_265 m_065 m_221 m_119 m_082
s_005145,m_119 m_092 m_179 m_224 m_062
s_005146,m_224 m_179 m_092 m_210 m_282
s_005147,m_119 m_092 m_179 m_224 m_062
s_005148,m_271 m_083 m_092 m_076 m_289
s_005149,m_119 m_092 m_179 m_224 m_062
s_005150,m_210 m_119 m_252 m_179 m_265
s_005151,m_210 m_179 m_204 m_252 m_135
s_005154,m_225 m_289 m_092 m_179 m_053
s_005155,m_200 m_018 m_152 m_231 m_229
s_005160,m_076 m_210 m_289 m_092 m_082
s_005161,m_119 m_092 m_179 m_224 m_062
s_005162,m_002 m_225 m_093 m_139 m_163
s_005163,m_119 m_092 m_179 m_224 m_062
s_005168,m_093 m_108 m_225 m_308 m_059
s_005169,m_210 m_245 m_119 m_204 m_147
s_005170,m_282 m_280 m_179 m_135 m_305
s_005171,m_156 m_224 m_278 m_252 m_280
s_005172,m_119 m_092 m_179 m_224 m_062
s_005173,m_119 m_092 m_179 m_224 m_062
s_005176,m_119 m_092 m_179 m_224 m_062
s_005180,m_225 m_108 m_092 m_280 m_235
s_005181,m_154 m_179 m_152 m_105 m_140
s_005182,m_210 m_204 m_285 m_119 m_179
s_005184,m_010 m_035 m_247 m_179 m_210
s_005185,m_119 m_092 m_179 m_224 m_062
s_005187,m_222 m_092 m_015 m_321 m_053
s_005188,m_119 m_092 m_179 m_224 m_062
s_005190,m_254 m_119 m_289 m_125 m_287
s_005192,m_237 m_066 m_041 m_119 m_105
s_005193,m_119 m_092 m_179 m_224 m_062
s_005194,m_119 m_092 m_179 m_224 m_062
s_005195,m_156 m_108 m_092 m_035 m_110
s_005198,m_119 m_225 m_041 m_066 m_162
s_005200,m_053 m_092 m_041 m_271 m_280
s_005201,m_053 m_278 m_321 m_280 m_224
s_005202,m_092 m_179 m_042 m_204 m_211
s_005203,m_224 m_010 m_278 m_289 m_280
s_005204,m_065 m_199 m_091 m_062 m_111
s_005205,m_119 m_092 m_179 m_224 m_062
s_005206,m_092 m_284 m_007 m_224 m_192
s_005207,m_119 m_092 m_179 m_224 m_062
s_005209,m_119 m_092 m_179 m_224 m_062
s_005211,m_119 m_092 m_179 m_224 m_062
s_005212,m_179 m_185 m_204 m_210 m_218
s_005213,m_222 m_015 m_005 m_022 m_163
s_005214,m_119 m_152 m_210 m_222 m_271
s_005215,m_007 m_222 m_079 m_005 m_091
s_005216,m_119 m_092 m_179 m_224 m_062
s_005217,m_156 m_278 m_053 m_280 m_126
s_005218,m_179 m_119 m_254 m_041 m_247
s_005220,m_007 m_045 m_321 m_156 m_184
s_005221,m_280 m_010 m_278 m_282 m_108
s_005222,m_059 m_222 m_055 m_062 m_111
s_005224,m_119 m_092 m_179 m_224 m_062
s_005225,m_092 m_290 m_245 m_105 m_282
s_005226,m_119 m_092 m_179 m_224 m_062
s_005229,m_179 m_053 m_282 m_139 m_247
s_005230,m_119 m_092 m_179 m_224 m_062
s_005231,m_119 m_092 m_179 m_224 m_062
s_005232,m_119 m_092 m_179 m_224 m_062
s_005233,m_126 m_162 m_255 m_053 m_225
s_005235,m_059 m_021 m_105 m_154 m_076
s_005236,m_119 m_092 m_179 m_224 m_062
s_005237,m_155 m_321 m_289 m_282 m_076
s_005240,m_007 m_255 m_041 m_103 m_225
s_005241,m_108 m_041 m_225 m_093 m_308
s_005244,m_119 m_092 m_179 m_224 m_062
s_005245,m_210 m_119 m_282 m_010 m_021
s_005246,m_225 m_204 m_119 m_281 m_247
s_005250,m_225 m_119 m_280 m_010 m_105
s_005253,m_119 m_083 m_069 m_266 m_289
s_005254,m_069 m_119 m_247 m_021 m_303
s_005255,m_152 m_104 m_154 m_076 m_179
s_005256,m_224 m_280 m_278 m_284 m_281
s_005260,m_245 m_035 m_140 m_156 m_024
s_005262,m_119 m_092 m_179 m_224 m_062
s_005263,m_224 m_155 m_092 m_154 m_083
s_005264,m_119 m_092 m_179 m_224 m_062
s_005265,m_224 m_289 m_280 m_247 m_010
s_005267,m_225 m_280 m_247 m_026 m_278
s_005269,m_225 m_026 m_280 m_035 m_119
s_005270,m_289 m_010 m_271 m_224 m_284
s_005271,m_179 m_210 m_204 m_254 m_119
s_005274,m_092 m_280 m_135 m_278 m_289
s_005275,m_271 m_222 m_066 m_247 m_282
s_005276,m_179 m_140 m_252 m_204 m_126
s_005277,m_007 m_152 m_284 m_301 m_282
s_005278,m_119 m_092 m_179 m_224 m_062
s_005280,m_289 m_156 m_321 m_110 m_044
s_005282,m_119 m_092 m_179 m_224 m_062
s_005285,m_119 m_092 m_179 m_224 m_062
s_005286,m_282 m_092 m_305 m_010 m_278
s_005287,m_041 m_093 m_092 m_225 m_204
s_005289,m_002 m_053 m_111 m_010 m_092
s_005290,m_044 m_222 m_053 m_321 m_200
s_005291,m_224 m_066 m_305 m_321 m_282
s_005293,m_108 m_125 m_139 m_152 m_110
s_005297,m_119 m_092 m_179 m_224 m_062
s_005298,m_179 m_204 m_210 m_165 m_062
s_005299,m_092 m_103 m_284 m_318 m_069
s_005301,m_119 m_092 m_179 m_224 m_062
s_005302,m_119 m_092 m_179 m_224 m_062
s_005303,m_119 m_092 m_179 m_224 m_062
s_005304,m_119 m_092 m_179 m_224 m_062
s_005305,m_041 m_002 m_108 m_093 m_293
s_005306,m_218 m_059 m_108 m_092 m_041
s_005308,m_041 m_079 m_253 m_035 m_222
s_005309,m_007 m_321 m_301 m_140 m_255
s_005312,m_119 m_092 m_179 m_224 m_062
s_005313,m_053 m_007 m_126 m_135 m_010
s_005315,m_278 m_280 m_289 m_053 m_282
s_005318,m_119 m_092 m_083 m_010 m_143
s_005319,m_081 m_247 m_185 m_237 m_245
s_005321,m_099 m_157 m_018 m_083 m_106
s_005324,m_204 m_092 m_053 m_135 m_210
s_005325,m_271 m_114 m_156 m_111 m_163
s_005326,m_179 m_282 m_119 m_287 m_035
s_005327,m_154 m_179 m_152 m_105 m_140
s_005328,m_255 m_098 m_127 m_044 m_163
s_005331,m_179 m_225 m_204 m_041 m_135
s_005332,m_210 m_204 m_258 m_278 m_126
s_005334,m_108 m_156 m_092 m_225 m_282
s_005335,m_119 m_092 m_179 m_224 m_062
s_005337,m_247 m_282 m_092 m_135 m_010
s_005340,m_021 m_119 m_083 m_059 m_092
s_005342,m_119 m_092 m_179 m_224 m_062
s_005343,m_179 m_106 m_135 m_062 m_247
s_005346,m_119 m_247 m_099 m_018 m_065
s_005347,m_225 m_271 m_163 m_222 m_179
s_005348,m_119 m_092 m_179 m_224 m_062
s_005349,m_289 m_278 m_284 m_069 m_281
s_005350,m_010 m_282 m_307 m_222 m_119
s_005352,m_092 m_224 m_289 m_010 m_280
s_005353,m_289 m_124 m_222 m_247 m_062
s_005354,m_103 m_227 m_105 m_179 m_059
s_005357,m_224 m_119 m_210 m_179 m_252
s_005359,m_245 m_152 m_303 m_237 m_312
s_005360,m_225 m_224 m_252 m_053 m_179
s_005362,m_108 m_106 m_290 m_247 m_135
s_005363,m_119 m_092 m_179 m_224 m_062
s_005365,m_278 m_247 m_010 m_280 m_271
s_005366,m_179 m_204 m_211 m_126 m_210
s_005367,m_126 m_253 m_278 m_010 m_280
s_005368,m_119 m_092 m_179 m_224 m_062
s_005369,m_119 m_092 m_179 m_224 m_062
s_005370,m_119 m_092 m_179 m_224 m_062
s_005373,m_179 m_210 m_252 m_092 m_204
s_005375,m_092 m_222 m_002 m_287 m_105
s_005376,m_119 m_092 m_179 m_224 m_062
s_005377,m_092 m_007 m_083 m_002 m_222
s_005378,m_053 m_225 m_093 m_092 m_222
s_005379,m_119 m_092 m_179 m_224 m_062
s_005381,m_280 m_179 m_278 m_135 m_126
s_005383,m_042 m_211 m_285 m_062 m_125
s_005385,m_119 m_092 m_179 m_224 m_062
s_005389,m_289 m_110 m_254 m_035 m_093
s_005390,m_163 m_222 m_119 m_318 m_271
s_005391,m_119 m_092 m_179 m_224 m_062
s_005393,m_010 m_135 m_174 m_247 m_062
s_005394,m_119 m_092 m_179 m_224 m_062
s_005396,m_092 m_155 m_069 m_289 m_179
s_005397,m_119 m_092 m_179 m_224 m_062
s_005399,m_119 m_092 m_179 m_224 m_062
s_005400,m_119 m_092 m_179 m_224 m_062
s_005402,m_119 m_092 m_179 m_224 m_062
s_005403,m_119 m_092 m_179 m_224 m_062
s_005405,m_119 m_092 m_179 m_224 m_062
s_005406,m_119 m_092 m_179 m_224 m_062
s_005407,m_179 m_007 m_076 m_204 m_062
s_005408,m_135 m_106 m_185 m_179 m_186
s_005410,m_041 m_156 m_110 m_154 m_179
s_005412,m_318 m_163 m_235 m_162 m_271
s_005414,m_119 m_092 m_179 m_224 m_062
s_005415,m_119 m_010 m_224 m_287 m_247
s_005416,m_119 m_092 m_179 m_224 m_062
s_005418,m_232 m_204 m_280 m_179 m_092
s_005421,m_270 m_307 m_280 m_278 m_218
s_005423,m_119 m_092 m_179 m_224 m_062
s_005425,m_092 m_055 m_139 m_271 m_111
s_005427,m_119 m_092 m_179 m_224 m_062
s_005428,m_119 m_092 m_179 m_224 m_062
s_005430,m_119 m_092 m_179 m_224 m_062
s_005431,m_152 m_179 m_135 m_258 m_126
s_005432,m_119 m_092 m_179 m_224 m_062
s_005434,m_053 m_163 m_045 m_318 m_162
s_005437,m_119 m_092 m_179 m_224 m_062
s_005441,m_200 m_199 m_041 m_099 m_053
s_005442,m_002 m_010 m_255 m_092 m_224
s_005443,m_156 m_035 m_289 m_280 m_110
s_005445,m_119 m_156 m_035 m_110 m_287
s_005446,m_119 m_092 m_179 m_224 m_062
s_005450,m_224 m_245 m_289 m_247 m_282
s_005451,m_119 m_092 m_179 m_224 m_062
s_005452,m_099 m_135 m_231 m_053 m_018
s_005453,m_144 m_218 m_092 m_270 m_185
s_005454,m_119 m_092 m_179 m_224 m_062
s_005457,m_092 m_105 m_305 m_180 m_224
s_005458,m_119 m_092 m_179 m_224 m_062
s_005459,m_119 m_092 m_179 m_224 m_062
s_005460,m_156 m_062 m_162 m_289 m_035
s_005461,m_222 m_081 m_245 m_237 m_247
s_005463,m_119 m_092 m_179 m_224 m_062
s_005464,m_119 m_092 m_179 m_224 m_062
s_005465,m_179 m_252 m_204 m_210 m_254
s_005470,m_119 m_092 m_179 m_224 m_062
s_005472,m_318 m_119 m_157 m_105 m_284
s_005473,m_119 m_092 m_179 m_224 m_062
s_005474,m_247 m_282 m_092 m_135 m_010
s_005476,m_236 m_044 m_152 m_280 m_092
s_005477,m_225 m_179 m_093 m_204 m_211
s_005478,m_179 m_224 m_010 m_143 m_018
s_005482,m_119 m_092 m_179 m_224 m_062
s_005483,m_119 m_083 m_245 m_066 m_062
s_005484,m_247 m_119 m_289 m_278 m_222
s_005485,m_106 m_156 m_108 m_119 m_135
s_005486,m_282 m_041 m_280 m_044 m_247
s_005488,m_119 m_092 m_179 m_224 m_062
s_005490,m_119 m_092 m_179 m_224 m_062
s_005492,m_253 m_157 m_305 m_083 m_155
s_005494,m_119 m_092 m_179 m_224 m_062
s_005495,m_224 m_289 m_179 m_284 m_280
s_005497,m_282 m_193 m_237 m_254 m_143
s_005498,m_222 m_254 m_015 m_010 m_005
s_005499,m_307 m_065 m_042 m_162 m_222
s_005500,m_135 m_179 m_126 m_252 m_106
s_005501,m_119 m_092 m_179 m_224 m_062
s_005502,m_254 m_278 m_053 m_282 m_280
s_005503,m_119 m_092 m_179 m_224 m_062
s_005504,m_119 m_092 m_179 m_224 m_062
s_005505,m_007 m_179 m_224 m_204 m_321
s_005507,m_105 m_092 m_186 m_026 m_135
s_005509,m_119 m_092 m_179 m_224 m_062
s_005512,m_179 m_083 m_152 m_210 m_204
s_005513,m_119 m_092 m_179 m_224 m_062
s_005515,m_271 m_287 m_321 m_307 m_083
s_005516,m_110 m_010 m_126 m_035 m_156
s_005517,m_179 m_210 m_225 m_126 m_287
s_005518,m_119 m_092 m_179 m_224 m_062
s_005520,m_119 m_287 m_204 m_179 m_010
s_005522,m_119 m_092 m_179 m_224 m_062
s_005523,m_210 m_211 m_179 m_237 m_114
s_005524,m_092 m_108 m_055 m_093 m_162
s_005527,m_119 m_092 m_179 m_224 m_062
s_005529,m_108 m_225 m_224 m_010 m_092
s_005531,m_119 m_092 m_179 m_224 m_062
s_005534,m_126 m_119 m_157 m_179 m_204
s_005537,m_059 m_156 m_157 m_041 m_271
s_005538,m_119 m_092 m_179 m_224 m_062
s_005540,m_271 m_222 m_124 m_099 m_018
s_005542,m_247 m_289 m_224 m_285 m_010
s_005543,m_119 m_092 m_179 m_224 m_062
s_005544,m_010 m_062 m_247 m_282 m_119
s_005545,m_119 m_092 m_179 m_224 m_062
s_005548,m_119 m_092 m_179 m_224 m_062
s_005550,m_289 m_224 m_053 m_002 m_282
s_005551,m_282 m_092 m_252 m_053 m_105
s_005552,m_119 m_092 m_179 m_224 m_062
s_005553,m_119 m_092 m_179 m_224 m_062
s_005555,m_280 m_179 m_278 m_135 m_180
s_005556,m_224 m_119 m_163 m_271 m_092
s_005557,m_296 m_105 m_103 m_092 m_291
s_005558,m_119 m_092 m_179 m_224 m_062
s_005559,m_289 m_092 m_053 m_179 m_093
s_005560,m_119 m_092 m_179 m_224 m_062
s_005563,m_210 m_156 m_204 m_110 m_179
s_005564,m_119 m_092 m_179 m_224 m_062
s_005565,m_119 m_179 m_066 m_281 m_303
s_005567,m_119 m_092 m_179 m_224 m_062
s_005568,m_179 m_010 m_002 m_231 m_092
s_005570,m_156 m_066 m_204 m_110 m_092
s_005573,m_119 m_252 m_156 m_005 m_179
s_005574,m_108 m_289 m_110 m_106 m_035
s_005575,m_119 m_092 m_179 m_224 m_062
s_005576,m_119 m_092 m_179 m_224 m_062
s_005578,m_225 m_204 m_092 m_282 m_281
s_005579,m_280 m_092 m_119 m_179 m_282
s_005580,m_119 m_092 m_179 m_224 m_062
s_005581,m_119 m_092 m_179 m_224 m_062
s_005582,m_119 m_318 m_163 m_035 m_289
s_005583,m_119 m_222 m_110 m_179 m_135
s_005584,m_224 m_119 m_092 m_066 m_282
s_005585,m_119 m_092 m_179 m_224 m_062
s_005586,m_119 m_092 m_179 m_224 m_062
s_005587,m_119 m_092 m_179 m_224 m_062
s_005588,m_119 m_092 m_179 m_224 m_062
s_005589,m_119 m_092 m_179 m_224 m_062
s_005591,m_282 m_278 m_321 m_010 m_284
s_005592,m_035 m_092 m_156 m_110 m_280
s_005593,m_119 m_092 m_179 m_224 m_062
s_005594,m_282 m_224 m_247 m_278 m_010
s_005595,m_252 m_108 m_285 m_179 m_135
s_005596,m_224 m_321 m_083 m_035 m_282
s_005597,m_099 m_271 m_018 m_174 m_162
s_005599,m_119 m_152 m_222 m_210 m_179
s_005600,m_119 m_092 m_179 m_224 m_062
s_005601,m_237 m_235 m_193 m_291 m_217
s_005605,m_152 m_106 m_179 m_135 m_204
s_005608,m_069 m_059 m_041 m_066 m_224
s_005609,m_289 m_045 m_092 m_053 m_224
s_005610,m_108 m_092 m_053 m_179 m_083
s_005611,m_081 m_222 m_124 m_105 m_179
s_005612,m_224 m_092 m_282 m_179 m_002
s_005615,m_119 m_092 m_179 m_224 m_062
s_005616,m_092 m_224 m_119 m_281 m_247
s_005617,m_135 m_126 m_179 m_204 m_210
s_005619,m_119 m_092 m_179 m_224 m_062
s_005622,m_119 m_092 m_179 m_224 m_062
s_005626,m_119 m_092 m_179 m_224 m_062
s_005627,m_119 m_092 m_179 m_224 m_062
s_005628,m_321 m_222 m_099 m_289 m_156
s_005630,m_225 m_179 m_135 m_280 m_093
s_005631,m_247 m_282 m_280 m_119 m_278
s_005632,m_179 m_252 m_126 m_210 m_204
s_005634,m_119 m_092 m_179 m_224 m_062
s_005635,m_103 m_106 m_126 m_026 m_135
s_005636,m_053 m_321 m_278 m_280 m_124
s_005642,m_119 m_092 m_179 m_224 m_062
s_005647,m_224 m_092 m_026 m_083 m_105
s_005648,m_224 m_282 m_271 m_305 m_155
s_005649,m_119 m_092 m_179 m_224 m_062
s_005650,m_119 m_092 m_179 m_224 m_062
s_005652,m_119 m_092 m_179 m_224 m_062
s_005653,m_282 m_290 m_010 m_092 m_111
s_005654,m_156 m_093 m_035 m_053 m_225
s_005656,m_119 m_092 m_179 m_224 m_062
s_005657,m_059 m_287 m_282 m_280 m_252
s_005664,m_053 m_045 m_289 m_092 m_317
s_005666,m_119 m_092 m_179 m_224 m_062
s_005669,m_234 m_010 m_163 m_145 m_224
s_005670,m_126 m_179 m_200 m_154 m_204
s_005671,m_119 m_092 m_179 m_224 m_062
s_005673,m_119 m_092 m_179 m_224 m_062
s_005674,m_282 m_210 m_126 m_179 m_287
s_005675,m_092 m_179 m_026 m_002 m_282
s_005677,m_204 m_106 m_179 m_035 m_126
s_005678,m_044 m_225 m_114 m_237 m_245
s_005679,m_222 m_062 m_092 m_005 m_022
s_005681,m_119 m_092 m_179 m_224 m_062
s_005683,m_083 m_282 m_280 m_110 m_252
s_005685,m_222 m_108 m_305 m_252 m_287
s_005686,m_041 m_026 m_044 m_079 m_225
s_005687,m_289 m_119 m_092 m_290 m_125
s_005689,m_210 m_321 m_280 m_007 m_106
s_005690,m_119 m_092 m_179 m_224 m_062
s_005691,m_053 m_035 m_156 m_110 m_289
s_005692,m_119 m_092 m_179 m_224 m_062
s_005693,m_119 m_092 m_179 m_224 m_062
s_005695,m_119 m_092 m_179 m_224 m_062
s_005696,m_119 m_092 m_179 m_224 m_062
s_005697,m_119 m_092 m_179 m_224 m_062
s_005699,m_119 m_092 m_179 m_224 m_062
s_005700,m_280 m_099 m_035 m_271 m_010
s_005701,m_119 m_092 m_179 m_224 m_062
s_005702,m_119 m_179 m_204 m_066 m_105
s_005703,m_172 m_285 m_211 m_165 m_284
s_005704,m_041 m_222 m_092 m_282 m_225
s_005705,m_010 m_210 m_139 m_282 m_224
s_005706,m_053 m_222 m_092 m_289 m_062
s_005707,m_222 m_099 m_005 m_252 m_018
s_005708,m_119 m_092 m_179 m_224 m_062
s_005711,m_119 m_092 m_179 m_224 m_062
s_005713,m_119 m_092 m_179 m_224 m_062
s_005714,m_066 m_193 m_059 m_179 m_237
s_005715,m_271 m_247 m_318 m_163 m_119
s_005716,m_119 m_092 m_179 m_224 m_062
s_005717,m_156 m_135 m_247 m_110 m_289
s_005718,m_282 m_163 m_015 m_005 m_022
s_005722,m_119 m_092 m_179 m_224 m_062
s_005723,m_135 m_224 m_210 m_179 m_002
s_005727,m_119 m_092 m_179 m_224 m_062
s_005728,m_222 m_041 m_015 m_005 m_026
s_005730,m_119 m_092 m_179 m_224 m_062
s_005731,m_099 m_103 m_287 m_035 m_127
s_005735,m_255 m_192 m_222 m_105 m_092
s_005736,m_235 m_103 m_284 m_165 m_179
s_005737,m_041 m_252 m_280 m_225 m_010
s_005738,m_119 m_092 m_179 m_224 m_062
s_005739,m_119 m_092 m_179 m_224 m_062
s_005740,m_119 m_092 m_179 m_224 m_062
s_005741,m_119 m_092 m_179 m_224 m_062
s_005742,m_119 m_092 m_179 m_224 m_062
s_005743,m_126 m_252 m_210 m_204 m_179
s_005745,m_119 m_092 m_179 m_224 m_062
s_005746,m_119 m_092 m_179 m_224 m_062
s_005747,m_041 m_280 m_282 m_278 m_225
s_005748,m_119 m_092 m_179 m_224 m_062
s_005750,m_225 m_092 m_007 m_105 m_232
s_005751,m_119 m_092 m_179 m_224 m_062
s_005752,m_119 m_092 m_179 m_224 m_062
s_005753,m_053 m_321 m_045 m_200 m_106
s_005754,m_318 m_234 m_124 m_271 m_174
s_005757,m_280 m_278 m_053 m_282 m_289
s_005759,m_002 m_035 m_282 m_252 m_321
s_005762,m_210 m_252 m_152 m_135 m_204
s_005763,m_108 m_041 m_059 m_042 m_044
s_005766,m_119 m_092 m_179 m_224 m_062
s_005767,m_247 m_234 m_210 m_271 m_010
s_005768,m_135 m_152 m_179 m_140 m_119
s_005769,m_225 m_308 m_290 m_199 m_093
s_005770,m_245 m_193 m_237 m_296 m_105
s_005771,m_007 m_235 m_005 m_091 m_022
s_005773,m_092 m_252 m_290 m_210 m_104
s_005774,m_119 m_092 m_179 m_224 m_062
s_005775,m_106 m_210 m_204 m_126 m_252
s_005776,m_280 m_278 m_092 m_010 m_225
s_005777,m_119 m_106 m_135 m_204 m_179
s_005778,m_119 m_092 m_179 m_224 m_062
s_005779,m_119 m_092 m_179 m_224 m_062
s_005781,m_035 m_010 m_185 m_282 m_186
s_005783,m_041 m_222 m_163 m_318 m_044
s_005784,m_211 m_179 m_204 m_258 m_254
s_005785,m_119 m_232 m_165 m_303 m_186
s_005786,m_222 m_015 m_099 m_091 m_022
s_005787,m_119 m_092 m_179 m_224 m_062
s_005789,m_179 m_211 m_135 m_126 m_180
s_005790,m_155 m_321 m_140 m_253 m_179
s_005791,m_282 m_289 m_119 m_280 m_035
s_005792,m_105 m_062 m_210 m_135 m_185
s_005794,m_119 m_092 m_179 m_224 m_062
s_005796,m_210 m_126 m_119 m_180 m_247
s_005797,m_066 m_211 m_083 m_252 m_204
s_005798,m_119 m_092 m_179 m_224 m_062
s_005800,m_041 m_007 m_252 m_105 m_111
s_005803,m_119 m_092 m_179 m_224 m_062
s_005805,m_126 m_318 m_289 m_271 m_179
s_005806,m_119 m_092 m_179 m_224 m_062
s_005807,m_179 m_125 m_204 m_200 m_126
s_005809,m_053 m_282 m_307 m_179 m_210
s_005810,m_224 m_282 m_290 m_024 m_010
s_005811,m_044 m_234 m_098 m_222 m_127
s_005812,m_092 m_255 m_278 m_280 m_093
s_005813,m_119 m_092 m_179 m_224 m_062
s_005814,m_224 m_222 m_247 m_024 m_179
s_005815,m_119 m_092 m_179 m_224 m_062
s_005818,m_041 m_053 m_179 m_280 m_044
s_005819,m_119 m_092 m_179 m_224 m_062
s_005820,m_225 m_199 m_105 m_179 m_111
s_005821,m_119 m_092 m_179 m_224 m_062
s_005822,m_224 m_041 m_092 m_018 m_044
s_005823,m_119 m_092 m_179 m_224 m_062
s_005824,m_092 m_235 m_002 m_079 m_225
s_005827,m_119 m_092 m_179 m_224 m_062
s_005829,m_119 m_092 m_179 m_224 m_062
s_005831,m_091 m_015 m_005 m_022 m_010
s_005833,m_119 m_092 m_179 m_224 m_062
s_005835,m_119 m_092 m_179 m_224 m_062
s_005836,m_179 m_126 m_222 m_135 m_204
s_005837,m_059 m_247 m_237 m_193 m_119
s_005838,m_224 m_092 m_062 m_010 m_119
s_005840,m_119 m_092 m_179 m_224 m_062
s_005842,m_119 m_092 m_179 m_224 m_062
s_005843,m_119 m_092 m_179 m_224 m_062
s_005844,m_119 m_092 m_179 m_224 m_062
s_005845,m_119 m_092 m_179 m_224 m_062
s_005846,m_119 m_092 m_179 m_224 m_062
s_005848,m_224 m_099 m_271 m_018 m_247
s_005850,m_289 m_125 m_156 m_305 m_280
s_005851,m_119 m_092 m_179 m_224 m_062
s_005852,m_280 m_278 m_010 m_222 m_162
s_005853,m_119 m_092 m_179 m_224 m_062
s_005854,m_119 m_092 m_179 m_224 m_062
s_005856,m_210 m_174 m_287 m_282 m_307
s_005857,m_119 m_092 m_179 m_224 m_062
s_005858,m_179 m_135 m_210 m_106 m_204
s_005859,m_282 m_222 m_010 m_307 m_179
s_005860,m_289 m_225 m_255 m_110 m_092
s_005862,m_053 m_045 m_184 m_092 m_111
s_005864,m_119 m_092 m_179 m_224 m_062
s_005865,m_119 m_092 m_179 m_224 m_062
s_005868,m_119 m_092 m_179 m_224 m_062
s_005870,m_247 m_010 m_282 m_287 m_119
s_005871,m_092 m_015 m_119 m_222 m_055
s_005872,m_119 m_092 m_179 m_224 m_062
s_005873,m_119 m_092 m_179 m_224 m_062
s_005874,m_152 m_108 m_007 m_041 m_002
s_005875,m_119 m_092 m_179 m_224 m_062
s_005876,m_119 m_092 m_179 m_224 m_062
s_005878,m_119 m_179 m_126 m_210 m_307
s_005879,m_179 m_140 m_247 m_119 m_204
s_005881,m_041 m_125 m_231 m_135 m_204
s_005883,m_234 m_222 m_204 m_062 m_271
s_005884,m_119 m_092 m_179 m_224 m_062
s_005887,m_163 m_053 m_271 m_210 m_253
s_005889,m_321 m_093 m_153 m_114 m_045
s_005890,m_026 m_002 m_007 m_235 m_282
s_005892,m_119 m_092 m_179 m_224 m_062
s_005893,m_135 m_280 m_282 m_179 m_126
s_005894,m_224 m_119 m_179 m_282 m_252
s_005895,m_289 m_252 m_282 m_204 m_179
s_005897,m_062 m_053 m_092 m_179 m_185
s_005899,m_041 m_143 m_083 m_066 m_179
s_005900,m_119 m_092 m_179 m_224 m_062
s_005901,m_289 m_010 m_247 m_210 m_179
s_005902,m_210 m_126 m_179 m_252 m_135
s_005904,m_144 m_185 m_270 m_186 m_249
s_005907,m_119 m_092 m_179 m_224 m_062
s_005910,m_119 m_092 m_179 m_224 m_062
s_005911,m_289 m_156 m_224 m_321 m_010
s_005912,m_225 m_092 m_041 m_223 m_255
s_005914,m_119 m_092 m_179 m_224 m_062
s_005915,m_092 m_305 m_083 m_284 m_289
s_005916,m_305 m_282 m_103 m_092 m_284
s_005918,m_289 m_092 m_099 m_035 m_282
s_005919,m_224 m_210 m_156 m_035 m_110
s_005920,m_255 m_105 m_143 m_271 m_062
s_005922,m_225 m_280 m_278 m_010 m_093
s_005924,m_282 m_289 m_179 m_280 m_305
s_005926,m_234 m_271 m_255 m_163 m_231
s_005928,m_119 m_092 m_179 m_224 m_062
s_005929,m_119 m_092 m_179 m_224 m_062
s_005930,m_119 m_092 m_179 m_224 m_062
s_005932,m_092 m_247 m_282 m_284 m_044
s_005936,m_135 m_126 m_152 m_062 m_291
s_005937,m_119 m_092 m_179 m_224 m_062
s_005939,m_092 m_152 m_126 m_062 m_179
s_005940,m_083 m_119 m_053 m_152 m_110
s_005942,m_135 m_179 m_106 m_247 m_210
s_005943,m_119 m_092 m_179 m_224 m_062
s_005944,m_015 m_092 m_026 m_124 m_079
s_005947,m_318 m_163 m_199 m_200 m_093
s_005948,m_119 m_092 m_179 m_224 m_062
s_005949,m_119 m_092 m_179 m_224 m_062
s_005950,m_147 m_104 m_280 m_236 m_172
s_005951,m_247 m_135 m_119 m_179 m_224
s_005952,m_119 m_092 m_179 m_224 m_062
s_005953,m_179 m_252 m_282 m_155 m_284
s_005954,m_119 m_092 m_179 m_224 m_062
s_005955,m_135 m_179 m_210 m_152 m_180
s_005956,m_179 m_135 m_252 m_053 m_204
s_005959,m_002 m_225 m_154 m_235 m_105
s_005962,m_119 m_092 m_179 m_224 m_062
s_005963,m_119 m_092 m_179 m_224 m_062
s_005964,m_021 m_106 m_119 m_185 m_271
s_005966,m_119 m_092 m_179 m_224 m_062
s_005969,m_224 m_179 m_155 m_092 m_154
s_005970,m_119 m_092 m_179 m_224 m_062
s_005971,m_119 m_092 m_179 m_224 m_062
s_005972,m_222 m_163 m_282 m_091 m_318
s_005973,m_119 m_092 m_179 m_224 m_062
s_005974,m_222 m_053 m_289 m_305 m_184
s_005975,m_119 m_092 m_179 m_224 m_062
s_005978,m_119 m_092 m_179 m_224 m_062
s_005982,m_204 m_234 m_125 m_210 m_145
s_005983,m_119 m_092 m_179 m_224 m_062
s_005986,m_154 m_155 m_152 m_035 m_104
s_005988,m_247 m_119 m_204 m_179 m_282
s_005989,m_126 m_135 m_204 m_254 m_179
s_005990,m_119 m_092 m_179 m_224 m_062
s_005993,m_225 m_282 m_093 m_026 m_092
s_005994,m_119 m_092 m_179 m_224 m_062
s_005995,m_119 m_092 m_179 m_224 m_062
s_005998,m_119 m_092 m_179 m_224 m_062
s_006000,m_119 m_092 m_179 m_224 m_062
s_006001,m_119 m_092 m_179 m_224 m_062
s_006003,m_077 m_108 m_093 m_297 m_041
s_006004,m_119 m_092 m_179 m_224 m_062
s_006007,m_119 m_092 m_179 m_224 m_062
s_006008,m_252 m_179 m_180 m_204 m_135
s_006009,m_065 m_179 m_062 m_222 m_119
s_006010,m_119 m_092 m_179 m_224 m_062
s_006011,m_119 m_092 m_179 m_224 m_062
s_006013,m_119 m_092 m_179 m_224 m_062
s_006014,m_119 m_092 m_179 m_224 m_062
s_006015,m_119 m_092 m_179 m_224 m_062
s_006016,m_280 m_225 m_110 m_035 m_305
s_006018,m_278 m_255 m_282 m_010 m_224
s_006019,m_106 m_135 m_305 m_289 m_179
s_006020,m_179 m_282 m_281 m_185 m_186
s_006023,m_108 m_252 m_287 m_305 m_303
s_006024,m_210 m_218 m_108 m_179 m_185
s_006025,m_135 m_179 m_152 m_186 m_252
s_006028,m_119 m_092 m_179 m_224 m_062
s_006029,m_222 m_045 m_184 m_099 m_321
s_006030,m_225 m_282 m_010 m_280 m_035
s_006031,m_204 m_211 m_135 m_289 m_290
s_006032,m_119 m_092 m_179 m_224 m_062
s_006034,m_119 m_092 m_179 m_224 m_062
s_006036,m_247 m_305 m_301 m_321 m_185
s_006037,m_235 m_026 m_092 m_255 m_002
s_006041,m_041 m_157 m_210 m_271 m_163
s_006042,m_119 m_092 m_179 m_224 m_062
s_006043,m_092 m_305 m_007 m_224 m_284
s_006044,m_092 m_281 m_278 m_280 m_135
s_006045,m_225 m_278 m_108 m_289 m_010
s_006047,m_282 m_289 m_278 m_307 m_174
s_006049,m_282 m_278 m_010 m_280 m_247
s_006050,m_119 m_092 m_179 m_224 m_062
s_006052,m_224 m_179 m_252 m_253 m_222
s_006054,m_135 m_179 m_225 m_210 m_204
s_006055,m_119 m_092 m_179 m_224 m_062
s_006057,m_119 m_092 m_179 m_224 m_062
s_006058,m_280 m_179 m_002 m_222 m_278
s_006059,m_210 m_204 m_105 m_053 m_002
s_006060,m_321 m_252 m_210 m_092 m_141
s_006061,m_119 m_092 m_179 m_224 m_062
s_006062,m_119 m_092 m_179 m_224 m_062
s_006065,m_035 m_156 m_282 m_105 m_321
s_006066,m_225 m_093 m_053 m_044 m_163
s_006067,m_119 m_092 m_179 m_224 m_062
s_006068,m_204 m_281 m_211 m_119 m_210
s_006069,m_234 m_204 m_140 m_179 m_210
s_006070,m_066 m_156 m_110 m_010 m_321
s_006071,m_083 m_174 m_055 m_069 m_119
s_006072,m_222 m_305 m_010 m_053 m_179
s_006073,m_179 m_204 m_252 m_211 m_135
s_006074,m_245 m_237 m_193 m_163 m_247
s_006076,m_119 m_092 m_179 m_224 m_062
s_006079,m_119 m_092 m_179 m_224 m_062
s_006080,m_119 m_092 m_179 m_224 m_062
s_006082,m_119 m_092 m_179 m_224 m_062
s_006083,m_287 m_117 m_055 m_163 m_224
s_006087,m_119 m_092 m_179 m_224 m_062
s_006088,m_092 m_289 m_135 m_280 m_278
s_006089,m_119 m_092 m_179 m_224 m_062
s_006091,m_119 m_092 m_179 m_224 m_062
s_006093,m_125 m_179 m_092 m_318 m_204
s_006094,m_224 m_289 m_282 m_111 m_010
s_006095,m_224 m_271 m_204 m_179 m_119
s_006096,m_007 m_053 m_282 m_290 m_105
s_006097,m_007 m_126 m_305 m_152 m_154
s_006098,m_119 m_092 m_179 m_224 m_062
s_006099,m_225 m_252 m_041 m_282 m_232
s_006100,m_153 m_210 m_021 m_174 m_155
s_006102,m_245 m_119 m_204 m_247 m_135
s_006103,m_155 m_254 m_252 m_079 m_105
s_006104,m_179 m_204 m_041 m_211 m_143
s_006107,m_224 m_282 m_321 m_280 m_305
s_006109,m_271 m_321 m_282 m_018 m_156
s_006110,m_119 m_092 m_179 m_224 m_062
s_006111,m_119 m_092 m_179 m_224 m_062
s_006112,m_119 m_092 m_179 m_224 m_062
s_006114,m_119 m_092 m_179 m_224 m_062
s_006115,m_026 m_282 m_115 m_010 m_035
s_006116,m_255 m_065 m_026 m_079 m_235
s_006117,m_210 m_204 m_179 m_180 m_156
s_006118,m_224 m_247 m_179 m_210 m_204
s_006120,m_119 m_092 m_179 m_224 m_062
s_006124,m_119 m_155 m_126 m_179 m_125
s_006127,m_092 m_044 m_293 m_225 m_053
s_006129,m_041 m_289 m_305 m_271 m_069
s_006130,m_119 m_179 m_282 m_062 m_083
s_006132,m_076 m_179 m_152 m_210 m_105
s_006133,m_144 m_185 m_218 m_186 m_301
s_006137,m_224 m_222 m_092 m_053 m_305
s_006138,m_092 m_010 m_210 m_280 m_083
s_006139,m_119 m_092 m_179 m_224 m_062
s_006140,m_154 m_026 m_152 m_179 m_041
s_006142,m_119 m_092 m_179 m_224 m_062
s_006143,m_222 m_282 m_255 m_247 m_291
s_006144,m_156 m_002 m_321 m_093 m_224
s_006145,m_222 m_091 m_015 m_005 m_022
s_006147,m_163 m_318 m_321 m_111 m_271
s_006148,m_119 m_092 m_179 m_224 m_062
s_006149,m_224 m_289 m_179 m_282 m_210
s_006151,m_235 m_119 m_222 m_252 m_053
s_006152,m_271 m_282 m_225 m_135 m_010
s_006153,m_119 m_041 m_152 m_287 m_204
s_006155,m_225 m_053 m_035 m_280 m_278
s_006156,m_135 m_280 m_278 m_235 m_282
s_006158,m_174 m_091 m_145 m_111 m_217
s_006159,m_119 m_092 m_179 m_224 m_062
s_006160,m_224 m_284 m_254 m_007 m_026
s_006162,m_041 m_204 m_210 m_119 m_179
s_006163,m_092 m_119 m_026 m_282 m_002
s_006164,m_119 m_065 m_303 m_062 m_174
s_006165,m_041 m_222 m_287 m_305 m_174
s_006166,m_135 m_204 m_179 m_041 m_287
s_006170,m_210 m_041 m_247 m_010 m_179
s_006173,m_119 m_092 m_179 m_224 m_062
s_006174,m_119 m_092 m_179 m_224 m_062
s_006176,m_321 m_224 m_163 m_231 m_282
s_006177,m_119 m_092 m_179 m_224 m_062
s_006178,m_156 m_053 m_093 m_110 m_225
s_006179,m_053 m_282 m_225 m_280 m_278
s_006180,m_092 m_099 m_321 m_282 m_010
s_006183,m_225 m_193 m_092 m_282 m_237
s_006184,m_119 m_092 m_179 m_224 m_062
s_006185,m_119 m_092 m_179 m_224 m_062
s_006186,m_289 m_305 m_083 m_282 m_245
s_006187,m_108 m_224 m_174 m_210 m_105
s_006188,m_305 m_225 m_010 m_282 m_247
s_006190,m_119 m_092 m_179 m_224 m_062
s_006191,m_119 m_092 m_179 m_224 m_062
s_006192,m_119 m_092 m_179 m_224 m_062
s_006193,m_224 m_083 m_007 m_099 m_289
s_006195,m_119 m_092 m_179 m_224 m_062
s_006196,m_179 m_119 m_204 m_165 m_210
s_006200,m_179 m_126 m_135 m_282 m_247
s_006202,m_041 m_015 m_026 m_092 m_179
s_006203,m_119 m_092 m_179 m_224 m_062
s_006205,m_222 m_055 m_091 m_015 m_029
s_006206,m_119 m_092 m_179 m_224 m_062
s_006208,m_041 m_108 m_059 m_280 m_092
s_006209,m_179 m_225 m_204 m_135 m_119
s_006211,m_119 m_092 m_179 m_224 m_062
s_006213,m_041 m_007 m_289 m_179 m_280
s_006217,m_119 m_092 m_179 m_224 m_062
s_006219,m_108 m_280 m_135 m_010 m_278
s_006220,m_066 m_140 m_156 m_179 m_088
s_006221,m_119 m_092 m_179 m_224 m_062
s_006222,m_119 m_092 m_179 m_224 m_062
s_006223,m_106 m_210 m_179 m_186 m_204
s_006225,m_119 m_247 m_204 m_135 m_303
s_006226,m_092 m_103 m_104 m_224 m_284
s_006227,m_225 m_184 m_092 m_318 m_162
s_006230,m_053 m_174 m_305 m_289 m_045
s_006232,m_154 m_140 m_099 m_152 m_076
s_006233,m_254 m_119 m_110 m_053 m_222
s_006234,m_010 m_280 m_204 m_179 m_093
s_006235,m_092 m_093 m_108 m_308 m_055
s_006237,m_218 m_285 m_225 m_172 m_165
s_006239,m_245 m_278 m_053 m_237 m_280
s_006241,m_119 m_092 m_126 m_152 m_010
s_006242,m_234 m_282 m_287 m_126 m_083
s_006243,m_119 m_092 m_179 m_224 m_062
s_006244,m_119 m_092 m_179 m_224 m_062
s_006245,m_119 m_092 m_179 m_224 m_062
s_006246,m_119 m_092 m_179 m_224 m_062
s_006248,m_222 m_280 m_278 m_005 m_282
s_006249,m_119 m_179 m_041 m_059 m_083
s_006251,m_092 m_059 m_179 m_235 m_062
s_006256,m_119 m_092 m_179 m_224 m_062
s_006257,m_119 m_092 m_179 m_224 m_062
s_006258,m_005 m_022 m_091 m_099 m_059
s_006259,m_119 m_092 m_179 m_224 m_062
s_006260,m_119 m_092 m_179 m_224 m_062
s_006262,m_119 m_092 m_179 m_224 m_062
s_006263,m_156 m_007 m_053 m_110 m_035
s_006264,m_225 m_210 m_105 m_139 m_282
s_006265,m_119 m_092 m_179 m_224 m_062
s_006266,m_119 m_092 m_179 m_224 m_062
s_006268,m_119 m_092 m_179 m_224 m_062
s_006269,m_179 m_210 m_211 m_204 m_105
s_006270,m_108 m_135 m_179 m_099 m_210
s_006271,m_119 m_092 m_179 m_224 m_062
s_006273,m_041 m_179 m_059 m_053 m_285
s_006274,m_222 m_255 m_321 m_053 m_110
s_006275,m_210 m_179 m_204 m_035 m_065
s_006276,m_119 m_289 m_092 m_126 m_204
s_006278,m_234 m_174 m_163 m_271 m_111
s_006279,m_225 m_119 m_041 m_252 m_254
s_006280,m_119 m_092 m_179 m_224 m_062
s_006281,m_126 m_271 m_179 m_092 m_210
s_006282,m_119 m_092 m_179 m_224 m_062
s_006283,m_225 m_119 m_092 m_210 m_247
s_006284,m_099 m_157 m_007 m_255 m_199
s_006287,m_062 m_237 m_193 m_165 m_218
s_006288,m_041 m_108 m_106 m_225 m_110
s_006289,m_224 m_174 m_162 m_271 m_163
s_006290,m_282 m_053 m_099 m_010 m_092
s_006293,m_289 m_155 m_053 m_282 m_135
s_006295,m_119 m_092 m_179 m_224 m_062
s_006296,m_119 m_135 m_247 m_010 m_252
s_006297,m_119 m_092 m_179 m_224 m_062
s_006298,m_280 m_010 m_225 m_305 m_278
s_006300,m_119 m_092 m_179 m_224 m_062
s_006302,m_210 m_172 m_179 m_249 m_185
s_006303,m_147 m_255 m_044 m_223 m_092
s_006304,m_007 m_053 m_002 m_092 m_271
s_006306,m_119 m_062 m_083 m_110 m_270
s_006307,m_210 m_179 m_204 m_092 m_035
s_006308,m_119 m_204 m_266 m_254 m_210
s_006309,m_119 m_092 m_179 m_224 m_062
s_006310,m_179 m_210 m_010 m_204 m_247
s_006311,m_119 m_092 m_179 m_224 m_062
s_006312,m_224 m_204 m_247 m_079 m_010
s_006313,m_125 m_289 m_186 m_152 m_135
s_006314,m_280 m_010 m_035 m_271 m_110
s_006315,m_234 m_174 m_231 m_018 m_099
s_006317,m_126 m_135 m_254 m_204 m_179
s_006318,m_119 m_092 m_179 m_224 m_062
s_006319,m_245 m_210 m_157 m_254 m_162
s_006321,m_103 m_079 m_026 m_235 m_044
s_006323,m_155 m_154 m_271 m_152 m_275
s_006324,m_119 m_092 m_179 m_224 m_062
s_006325,m_119 m_092 m_179 m_224 m_062
s_006326,m_224 m_119 m_152 m_015 m_010
s_006327,m_119 m_210 m_126 m_179 m_285
s_006329,m_119 m_092 m_179 m_224 m_062
s_006330,m_235 m_092 m_007 m_284 m_105
s_006331,m_222 m_278 m_280 m_321 m_018
s_006332,m_210 m_204 m_135 m_119 m_155
s_006334,m_119 m_092 m_179 m_224 m_062
s_006340,m_179 m_204 m_252 m_211 m_135
s_006341,m_210 m_010 m_204 m_211 m_224
s_006344,m_224 m_119 m_010 m_247 m_282
s_006347,m_119 m_092 m_179 m_224 m_062
s_006348,m_119 m_092 m_179 m_224 m_062
s_006351,m_021 m_247 m_245 m_237 m_193
s_006354,m_119 m_204 m_099 m_180 m_111
s_006355,m_108 m_105 m_059 m_092 m_225
s_006357,m_119 m_092 m_179 m_224 m_062
s_006360,m_119 m_092 m_179 m_224 m_062
s_006361,m_119 m_092 m_179 m_224 m_062
s_006363,m_010 m_224 m_156 m_289 m_305
s_006364,m_119 m_092 m_179 m_224 m_062
s_006365,m_271 m_224 m_010 m_282 m_247
s_006366,m_119 m_092 m_179 m_224 m_062
s_006367,m_119 m_092 m_179 m_224 m_062
s_006369,m_119 m_092 m_179 m_224 m_062
s_006370,m_119 m_092 m_179 m_224 m_062
s_006371,m_119 m_092 m_179 m_224 m_062
s_006372,m_163 m_318 m_053 m_002 m_156
s_006373,m_119 m_092 m_179 m_224 m_062
s_006374,m_119 m_092 m_179 m_224 m_062
s_006375,m_204 m_092 m_210 m_180 m_126
s_006378,m_135 m_282 m_278 m_280 m_092
s_006379,m_210 m_066 m_179 m_204 m_156
s_006380,m_179 m_119 m_287 m_174 m_282
s_006381,m_041 m_119 m_289 m_282 m_280
s_006382,m_225 m_119 m_010 m_092 m_021
s_006383,m_126 m_222 m_287 m_282 m_247
s_006384,m_218 m_144 m_185 m_186 m_301
s_006385,m_156 m_066 m_110 m_035 m_053
s_006388,m_119 m_092 m_179 m_224 m_062
s_006389,m_119 m_092 m_179 m_224 m_062
s_006391,m_021 m_108 m_282 m_010 m_280
s_006393,m_247 m_282 m_092 m_007 m_157
s_006394,m_092 m_225 m_280 m_119 m_278
s_006395,m_092 m_282 m_010 m_289 m_093
s_006400,m_119 m_092 m_179 m_224 m_062
s_006402,m_119 m_092 m_179 m_224 m_062
s_006403,m_119 m_092 m_179 m_224 m_062
s_006405,m_210 m_079 m_105 m_035 m_053
s_006406,m_204 m_092 m_053 m_126 m_135
s_006407,m_119 m_092 m_179 m_224 m_062
s_006408,m_119 m_252 m_254 m_179 m_204
s_006410,m_041 m_255 m_079 m_103 m_093
s_006411,m_119 m_092 m_179 m_224 m_062
s_006414,m_289 m_179 m_135 m_252 m_280
s_006415,m_059 m_282 m_041 m_044 m_253
s_006416,m_245 m_287 m_156 m_179 m_237
s_006417,m_245 m_280 m_321 m_278 m_110
s_006418,m_119 m_092 m_179 m_224 m_062
s_006421,m_041 m_210 m_204 m_053 m_247
s_006422,m_179 m_204 m_287 m_247 m_255
s_006423,m_119 m_092 m_179 m_224 m_062
s_006425,m_079 m_092 m_254 m_287 m_007
s_006426,m_119 m_092 m_179 m_224 m_062
s_006427,m_119 m_062 m_254 m_211 m_126
s_006428,m_247 m_010 m_066 m_305 m_280
s_006429,m_041 m_092 m_179 m_282 m_010
s_006433,m_119 m_092 m_179 m_224 m_062
s_006434,m_044 m_124 m_162 m_271 m_111
s_006437,m_224 m_222 m_002 m_280 m_005
s_006438,m_119 m_092 m_179 m_224 m_062
s_006439,m_156 m_291 m_053 m_035 m_289
s_006440,m_222 m_015 m_091 m_005 m_165
s_006441,m_119 m_010 m_135 m_289 m_282
s_006442,m_247 m_282 m_280 m_069 m_062
s_006443,m_103 m_235 m_284 m_092 m_179
s_006444,m_053 m_015 m_235 m_091 m_045
s_006445,m_119 m_092 m_179 m_224 m_062
s_006446,m_222 m_294 m_117 m_290 m_092
s_006447,m_245 m_289 m_062 m_165 m_119
s_006448,m_224 m_105 m_163 m_179 m_010
s_006451,m_289 m_271 m_162 m_041 m_127
s_006452,m_119 m_092 m_179 m_224 m_062
s_006453,m_119 m_092 m_179 m_224 m_062
s_006454,m_119 m_179 m_125 m_224 m_180
s_006459,m_247 m_179 m_010 m_222 m_135
s_006460,m_119 m_092 m_179 m_224 m_062
s_006461,m_224 m_200 m_163 m_066 m_318
s_006462,m_224 m_069 m_289 m_271 m_247
s_006463,m_119 m_092 m_179 m_224 m_062
s_006465,m_282 m_222 m_092 m_255 m_235
s_006466,m_156 m_179 m_035 m_110 m_289
s_006467,m_119 m_092 m_179 m_224 m_062
s_006469,m_119 m_092 m_179 m_224 m_062
s_006472,m_125 m_062 m_059 m_204 m_179
s_006473,m_119 m_092 m_179 m_224 m_062
s_006474,m_119 m_092 m_179 m_224 m_062
s_006475,m_237 m_211 m_179 m_152 m_204
s_006476,m_119 m_092 m_179 m_224 m_062
s_006478,m_092 m_119 m_282 m_152 m_289
s_006480,m_119 m_092 m_179 m_224 m_062
s_006481,m_224 m_108 m_092 m_105 m_247
s_006482,m_119 m_092 m_179 m_224 m_062
s_006483,m_119 m_092 m_179 m_224 m_062
s_006484,m_119 m_083 m_062 m_289 m_186
s_006485,m_119 m_092 m_179 m_224 m_062
s_006486,m_222 m_204 m_119 m_179 m_232
s_006487,m_041 m_225 m_155 m_092 m_232
s_006490,m_224 m_092 m_179 m_284 m_289
s_006492,m_035 m_110 m_321 m_066 m_289
s_006495,m_119 m_092 m_179 m_224 m_062
s_006496,m_278 m_184 m_280 m_053 m_021
s_006497,m_153 m_108 m_092 m_301 m_192
s_006498,m_119 m_092 m_179 m_224 m_062
s_006499,m_119 m_092 m_179 m_224 m_062
s_006501,m_119 m_092 m_179 m_224 m_062
s_006502,m_135 m_179 m_106 m_204 m_210
s_006503,m_144 m_185 m_186 m_218 m_301
s_006504,m_092 m_235 m_105 m_010 m_053
s_006505,m_179 m_210 m_125 m_204 m_076
s_006507,m_108 m_252 m_162 m_222 m_111
s_006509,m_321 m_162 m_222 m_247 m_163
s_006510,m_278 m_135 m_010 m_035 m_280
s_006511,m_321 m_163 m_157 m_318 m_271
s_006513,m_224 m_179 m_247 m_289 m_010
s_006515,m_053 m_179 m_108 m_282 m_092
s_006517,m_119 m_092 m_179 m_224 m_062
s_006518,m_119 m_092 m_179 m_224 m_062
s_006519,m_045 m_280 m_053 m_015 m_278
s_006522,m_119 m_092 m_179 m_224 m_062
s_006524,m_218 m_185 m_186 m_301 m_179
s_006525,m_252 m_204 m_126 m_247 m_135
s_006526,m_119 m_092 m_179 m_224 m_062
s_006527,m_179 m_026 m_163 m_225 m_318
s_006529,m_059 m_119 m_062 m_303 m_247
s_006531,m_318 m_015 m_271 m_222 m_044
s_006534,m_119 m_092 m_179 m_224 m_062
s_006535,m_044 m_021 m_092 m_174 m_111
s_006537,m_108 m_156 m_035 m_041 m_053
s_006538,m_069 m_165 m_119 m_249 m_313
s_006539,m_119 m_092 m_179 m_224 m_062
s_006541,m_155 m_099 m_290 m_105 m_210
s_006542,m_265 m_140 m_119 m_062 m_083
s_006543,m_119 m_092 m_179 m_224 m_062
s_006544,m_119 m_092 m_179 m_224 m_062
s_006546,m_119 m_092 m_179 m_224 m_062
s_006548,m_108 m_092 m_222 m_184 m_139
s_006549,m_119 m_092 m_179 m_224 m_062
s_006551,m_119 m_092 m_179 m_224 m_062
s_006552,m_224 m_179 m_110 m_156 m_105
s_006555,m_119 m_092 m_179 m_224 m_062
s_006557,m_119 m_092 m_179 m_224 m_062
s_006558,m_200 m_199 m_222 m_111 m_091
s_006564,m_224 m_280 m_105 m_281 m_289
s_006565,m_210 m_152 m_204 m_179 m_092
s_006566,m_119 m_092 m_179 m_224 m_062
s_006567,m_222 m_289 m_282 m_092 m_318
s_006568,m_119 m_092 m_179 m_224 m_062
s_006569,m_297 m_095 m_093 m_108 m_293
s_006570,m_222 m_174 m_305 m_234 m_145
s_006573,m_062 m_092 m_002 m_010 m_224
s_006574,m_119 m_092 m_179 m_224 m_062
s_006576,m_119 m_092 m_179 m_224 m_062
s_006577,m_119 m_092 m_179 m_224 m_062
s_006578,m_066 m_035 m_289 m_321 m_092
s_006580,m_119 m_092 m_179 m_224 m_062
s_006581,m_119 m_092 m_179 m_224 m_062
s_006582,m_007 m_045 m_002 m_224 m_253
s_006585,m_119 m_092 m_179 m_224 m_062
s_006586,m_210 m_285 m_211 m_245 m_287
s_006587,m_225 m_321 m_163 m_044 m_092
s_006590,m_041 m_305 m_179 m_119 m_210
s_006591,m_108 m_044 m_222 m_002 m_271
s_006592,m_282 m_119 m_010 m_247 m_271
s_006593,m_119 m_092 m_179 m_224 m_062
s_006594,m_289 m_245 m_092 m_010 m_035
s_006595,m_119 m_092 m_179 m_224 m_062
s_006596,m_179 m_210 m_135 m_152 m_119
s_006597,m_155 m_105 m_284 m_140 m_289
s_006599,m_210 m_179 m_126 m_204 m_307
s_006604,m_091 m_059 m_222 m_005 m_041
s_006606,m_192 m_281 m_153 m_289 m_280
